ts_utc,price,strike,diff,yes_mid,no_mid,minutes_left,seconds_left,time_left_frac,log_rv_15m,log_rv_1h,log_rv_4h,log_rv_rem_hat,prob_up_model
2026-01-14T01:00:02.307333+00:00,2.167,2.167,0.0,0.47,0.53,59,57,0.9991666666666666,-11.187606748872646,,,,
2026-01-14T01:00:03.307540+00:00,2.1667,2.167,-0.0002999999999997449,0.47,0.53,59,56,0.9988888888888889,-11.187606748872646,,,,
2026-01-14T01:00:04.307568+00:00,2.1666,2.167,-0.00039999999999995595,0.445,0.555,59,55,0.9986111111111111,-11.187606748872646,,,,
2026-01-14T01:00:05.307774+00:00,2.1666,2.167,-0.00039999999999995595,0.445,0.53,59,54,0.9983333333333333,-11.207356046638036,,,,
2026-01-14T01:00:06.307941+00:00,2.1668,2.167,-0.00019999999999997797,0.49,0.51,59,53,0.9980555555555556,-11.207356046638036,,,,
2026-01-14T01:00:07.308166+00:00,2.1669,2.167,-9.999999999976694e-05,0.495,0.505,59,52,0.9977777777777778,-11.207356046638036,,,,
2026-01-14T01:00:08.308266+00:00,2.1671,2.167,0.00010000000000021103,0.495,0.505,59,51,0.9975,-11.207356046638036,,,,
2026-01-14T01:00:09.308628+00:00,2.1672,2.167,0.00019999999999997797,0.495,0.505,59,50,0.9972222222222222,-11.207356046638036,,,,
2026-01-14T01:00:10.308718+00:00,2.1672,2.167,0.00019999999999997797,0.495,0.505,59,49,0.9969444444444444,-11.21436560902117,,,,
2026-01-14T01:00:11.308802+00:00,2.1664,2.167,-0.0005999999999999339,0.475,0.525,59,48,0.9966666666666667,-11.21436560902117,,,,
2026-01-14T01:00:12.308989+00:00,2.1656,2.167,-0.0013999999999998458,0.475,0.525,59,47,0.9963888888888889,-11.21436560902117,,,,
2026-01-14T01:00:13.309239+00:00,2.1656,2.167,-0.0013999999999998458,0.475,0.525,59,46,0.9961111111111111,-11.21436560902117,,,,
2026-01-14T01:00:14.489052+00:00,2.1658,2.167,-0.0011999999999998678,0.475,0.525,59,45,0.9958333333333333,-11.21436560902117,,,,
2026-01-14T01:00:15.315765+00:00,2.1656,2.167,-0.0013999999999998458,0.475,0.525,59,44,0.9955555555555555,-11.174846976880108,,,,
2026-01-14T01:00:16.315965+00:00,2.1654,2.167,-0.0015999999999998238,0.475,0.525,59,43,0.9952777777777778,-11.174846976880108,,,,
2026-01-14T01:00:17.316020+00:00,2.1654,2.167,-0.0015999999999998238,0.475,0.525,59,42,0.995,-11.174846976880108,,,,
2026-01-14T01:00:18.316218+00:00,2.1652,2.167,-0.0017999999999998018,0.475,0.525,59,41,0.9947222222222222,-11.174846976880108,,,,
2026-01-14T01:00:19.316296+00:00,2.1652,2.167,-0.0017999999999998018,0.475,0.525,59,40,0.9944444444444445,-11.174846976880108,,,,
2026-01-14T01:00:20.316591+00:00,2.1652,2.167,-0.0017999999999998018,0.475,0.525,59,39,0.9941666666666666,-11.17241650712134,,,,
2026-01-14T01:00:21.316887+00:00,2.1651,2.167,-0.0019000000000000128,0.475,0.525,59,38,0.9938888888888889,-11.17241650712134,,,,
2026-01-14T01:00:22.316993+00:00,2.1653,2.167,-0.0017000000000000348,0.475,0.525,59,37,0.9936111111111111,-11.17241650712134,,,,
2026-01-14T01:00:23.317185+00:00,2.1651,2.167,-0.0019000000000000128,0.475,0.525,59,36,0.9933333333333333,-11.17241650712134,,,,
2026-01-14T01:00:24.317374+00:00,2.165,2.167,-0.0019999999999997797,0.475,0.525,59,35,0.9930555555555556,-11.17241650712134,,,,
2026-01-14T01:00:25.317651+00:00,2.1649,2.167,-0.0020999999999999908,0.475,0.525,59,34,0.9927777777777778,-11.17240547075115,,,,
2026-01-14T01:00:26.317935+00:00,2.1649,2.167,-0.0020999999999999908,0.475,0.525,59,33,0.9925,-11.17240547075115,,,,
2026-01-14T01:00:27.318004+00:00,2.1648,2.167,-0.0021999999999997577,0.475,0.525,59,32,0.9922222222222222,-11.17240547075115,,,,
2026-01-14T01:00:28.318539+00:00,2.1651,2.167,-0.0019000000000000128,0.475,0.525,59,31,0.9919444444444444,-11.17240547075115,,,,
2026-01-14T01:00:29.318729+00:00,2.1653,2.167,-0.0017000000000000348,0.475,0.525,59,30,0.9916666666666667,-11.17240547075115,,,,
2026-01-14T01:00:30.319012+00:00,2.1654,2.167,-0.0015999999999998238,0.475,0.525,59,29,0.9913888888888889,-11.16876877303817,,,,
2026-01-14T01:00:31.319421+00:00,2.1654,2.167,-0.0015999999999998238,0.475,0.525,59,28,0.9911111111111112,-11.16876877303817,,,,
2026-01-14T01:00:32.319476+00:00,2.1654,2.167,-0.0015999999999998238,0.475,0.525,59,27,0.9908333333333333,-11.16876877303817,,,,
2026-01-14T01:00:33.319670+00:00,2.1652,2.167,-0.0017999999999998018,0.475,0.525,59,26,0.9905555555555555,-11.16876877303817,,,,
2026-01-14T01:00:34.319950+00:00,2.1651,2.167,-0.0019000000000000128,0.475,0.525,59,25,0.9902777777777778,-11.16876877303817,,,,
2026-01-14T01:00:35.320381+00:00,2.165,2.167,-0.0019999999999997797,0.475,0.525,59,24,0.99,-11.168749449164526,,,,
2026-01-14T01:00:36.320637+00:00,2.165,2.167,-0.0019999999999997797,0.475,0.525,59,23,0.9897222222222222,-11.168749449164526,,,,
2026-01-14T01:00:37.321019+00:00,2.165,2.167,-0.0019999999999997797,0.475,0.525,59,22,0.9894444444444445,-11.168749449164526,,,,
2026-01-14T01:00:38.321270+00:00,2.1651,2.167,-0.0019000000000000128,0.475,0.525,59,21,0.9891666666666666,-11.168749449164526,,,,
2026-01-14T01:00:39.321864+00:00,2.1651,2.167,-0.0019000000000000128,0.475,0.525,59,20,0.9888888888888889,-11.168749449164526,,,,
2026-01-14T01:00:40.322397+00:00,2.1651,2.167,-0.0019000000000000128,0.475,0.525,59,19,0.9886111111111111,-11.168748241184295,,,,
2026-01-14T01:00:41.322917+00:00,2.1651,2.167,-0.0019000000000000128,0.475,0.525,59,18,0.9883333333333333,-11.168748241184295,,,,
2026-01-14T01:00:42.323178+00:00,2.1658,2.167,-0.0011999999999998678,0.475,0.525,59,17,0.9880555555555556,-11.168748241184295,,,,
2026-01-14T01:00:43.323462+00:00,2.1658,2.167,-0.0011999999999998678,0.475,0.525,59,16,0.9877777777777778,-11.168748241184295,,,,
2026-01-14T01:00:44.324112+00:00,2.1661,2.167,-0.0008999999999996788,0.475,0.525,59,15,0.9875,-11.168748241184295,,,,
2026-01-14T01:00:45.324301+00:00,2.1662,2.167,-0.0007999999999999119,0.475,0.525,59,14,0.9872222222222222,-11.152985985298166,,,,
2026-01-14T01:00:46.324494+00:00,2.1662,2.167,-0.0007999999999999119,0.475,0.525,59,13,0.9869444444444444,-11.152985985298166,,,,
2026-01-14T01:00:47.324699+00:00,2.1662,2.167,-0.0007999999999999119,0.475,0.525,59,12,0.9866666666666667,-11.152985985298166,,,,
2026-01-14T01:00:48.324966+00:00,2.1662,2.167,-0.0007999999999999119,0.475,0.525,59,11,0.9863888888888889,-11.152985985298166,,,,
2026-01-14T01:00:49.325229+00:00,2.1662,2.167,-0.0007999999999999119,0.475,0.525,59,10,0.9861111111111112,-11.152985985298166,,,,
2026-01-14T01:00:50.325412+00:00,2.1662,2.167,-0.0007999999999999119,0.475,0.525,59,9,0.9858333333333333,-11.158315164865295,,,,
2026-01-14T01:00:51.325718+00:00,2.1662,2.167,-0.0007999999999999119,0.475,0.525,59,8,0.9855555555555555,-11.158315164865295,,,,
2026-01-14T01:00:52.326000+00:00,2.1662,2.167,-0.0007999999999999119,0.475,0.525,59,7,0.9852777777777778,-11.158315164865295,,,,
2026-01-14T01:00:53.326578+00:00,2.1657,2.167,-0.0012999999999996348,0.475,0.525,59,6,0.985,-11.158315164865295,,,,
2026-01-14T01:00:54.327053+00:00,2.1655,2.167,-0.0014999999999996128,0.475,0.525,59,5,0.9847222222222223,-11.158315164865295,,,,
2026-01-14T01:00:55.327235+00:00,2.1655,2.167,-0.0014999999999996128,0.475,0.525,59,4,0.9844444444444445,-11.151014745477816,,,,
2026-01-14T01:00:56.327888+00:00,2.1655,2.167,-0.0014999999999996128,0.475,0.525,59,3,0.9841666666666666,-11.151014745477816,,,,
2026-01-14T01:00:57.328032+00:00,2.1653,2.167,-0.0017000000000000348,0.475,0.525,59,2,0.9838888888888889,-11.151014745477816,,,,
2026-01-14T01:00:58.328171+00:00,2.1652,2.167,-0.0017999999999998018,0.475,0.525,59,1,0.9836111111111111,-11.151014745477816,,,,
2026-01-14T01:00:59.328444+00:00,2.165,2.167,-0.0019999999999997797,0.475,0.525,59,0,0.9833333333333333,-11.151014745477816,,,,
2026-01-14T01:01:00.329325+00:00,2.1653,2.167,-0.0017000000000000348,0.475,0.525,58,59,0.9830555555555556,-11.151010326189759,,,,
2026-01-14T01:01:01.329352+00:00,2.1663,2.167,-0.0006999999999997009,0.475,0.525,58,58,0.9827777777777778,-11.151010326189759,,,,
2026-01-14T01:01:02.329540+00:00,2.1662,2.167,-0.0007999999999999119,0.475,0.525,58,57,0.9825,-11.151010326189759,,,,
2026-01-14T01:01:03.329880+00:00,2.1661,2.167,-0.0008999999999996788,0.475,0.525,58,56,0.9822222222222222,-11.151010326189759,,,,
2026-01-14T01:01:04.330291+00:00,2.1664,2.167,-0.0005999999999999339,0.475,0.525,58,55,0.9819444444444444,-11.151010326189759,,,,
2026-01-14T01:01:05.330464+00:00,2.1664,2.167,-0.0005999999999999339,0.475,0.525,58,54,0.9816666666666667,-11.136833982255103,,,,
2026-01-14T01:01:06.330803+00:00,2.1664,2.167,-0.0005999999999999339,0.475,0.525,58,53,0.9813888888888889,-11.136833982255103,,,,
2026-01-14T01:01:07.330926+00:00,2.1664,2.167,-0.0005999999999999339,0.475,0.525,58,52,0.9811111111111112,-11.136833982255103,,,,
2026-01-14T01:01:08.331597+00:00,2.1662,2.167,-0.0007999999999999119,0.475,0.525,58,51,0.9808333333333333,-11.136833982255103,,,,
2026-01-14T01:01:09.331979+00:00,2.1662,2.167,-0.0007999999999999119,0.475,0.525,58,50,0.9805555555555555,-11.136833982255103,,,,
2026-01-14T01:01:10.333281+00:00,2.1667,2.167,-0.0002999999999997449,0.475,0.525,58,49,0.9802777777777778,-11.1360990521622,,,,
2026-01-14T01:01:11.333457+00:00,2.1667,2.167,-0.0002999999999997449,0.475,0.525,58,48,0.98,-11.1360990521622,,,,
2026-01-14T01:01:12.333700+00:00,2.1666,2.167,-0.00039999999999995595,0.475,0.525,58,47,0.9797222222222223,-11.1360990521622,,,,
2026-01-14T01:01:13.333883+00:00,2.1666,2.167,-0.00039999999999995595,0.475,0.525,58,46,0.9794444444444445,-11.1360990521622,,,,
2026-01-14T01:01:14.334076+00:00,2.1667,2.167,-0.0002999999999997449,0.475,0.525,58,45,0.9791666666666666,-11.1360990521622,,,,
2026-01-14T01:01:15.506052+00:00,2.1664,2.167,-0.0005999999999999339,0.475,0.525,58,44,0.9788888888888889,-11.13478453587395,,,,
2026-01-14T01:01:16.333839+00:00,2.1657,2.167,-0.0012999999999996348,0.475,0.525,58,43,0.9786111111111111,-11.13478453587395,,,,
2026-01-14T01:01:17.334445+00:00,2.1648,2.167,-0.0021999999999997577,0.475,0.525,58,42,0.9783333333333334,-11.13478453587395,,,,
2026-01-14T01:01:18.334634+00:00,2.1648,2.167,-0.0021999999999997577,0.475,0.525,58,41,0.9780555555555556,-11.13478453587395,,,,
2026-01-14T01:01:19.334814+00:00,2.1643,2.167,-0.0026999999999999247,0.475,0.525,58,40,0.9777777777777777,-11.13478453587395,,,,
2026-01-14T01:01:20.334993+00:00,2.1643,2.167,-0.0026999999999999247,0.475,0.525,58,39,0.9775,-11.134228828406943,,,,
2026-01-14T01:01:21.335294+00:00,2.1643,2.167,-0.0026999999999999247,0.475,0.525,58,38,0.9772222222222222,-11.134228828406943,,,,
2026-01-14T01:01:22.335495+00:00,2.1646,2.167,-0.0023999999999997357,0.47,0.53,58,37,0.9769444444444444,-11.134228828406943,,,,
2026-01-14T01:01:23.335709+00:00,2.1646,2.167,-0.0023999999999997357,0.465,0.54,58,36,0.9766666666666667,-11.134228828406943,,,,
2026-01-14T01:01:24.335902+00:00,2.1646,2.167,-0.0023999999999997357,0.47,0.54,58,35,0.9763888888888889,-11.134228828406943,,,,
2026-01-14T01:01:25.336105+00:00,2.164,2.167,-0.0029999999999996696,0.45,0.55,58,34,0.9761111111111112,-11.136530873568054,,,,
2026-01-14T01:01:26.336374+00:00,2.164,2.167,-0.0029999999999996696,0.43,0.57,58,33,0.9758333333333333,-11.136530873568054,,,,
2026-01-14T01:01:27.336569+00:00,2.164,2.167,-0.0029999999999996696,0.43,0.57,58,32,0.9755555555555555,-11.136530873568054,,,,
2026-01-14T01:01:28.336756+00:00,2.164,2.167,-0.0029999999999996696,0.43,0.57,58,31,0.9752777777777778,-11.136530873568054,,,,
2026-01-14T01:01:29.337386+00:00,2.1641,2.167,-0.0028999999999999027,0.44,0.56,58,30,0.975,-11.136530873568054,,,,
2026-01-14T01:01:30.337575+00:00,2.1641,2.167,-0.0028999999999999027,0.43,0.57,58,29,0.9747222222222223,-11.15406227174244,,,,
2026-01-14T01:01:31.337845+00:00,2.164,2.167,-0.0029999999999996696,0.43,0.57,58,28,0.9744444444444444,-11.15406227174244,,,,
2026-01-14T01:01:32.338019+00:00,2.1645,2.167,-0.0024999999999999467,0.44,0.56,58,27,0.9741666666666666,-11.15406227174244,,,,
2026-01-14T01:01:33.338190+00:00,2.1645,2.167,-0.0024999999999999467,0.435,0.565,58,26,0.9738888888888889,-11.15406227174244,,,,
2026-01-14T01:01:34.338381+00:00,2.1645,2.167,-0.0024999999999999467,0.44,0.56,58,25,0.9736111111111111,-11.15406227174244,,,,
2026-01-14T01:01:35.338779+00:00,2.1646,2.167,-0.0023999999999997357,0.45,0.55,58,24,0.9733333333333334,-11.154016878817199,,,,
2026-01-14T01:01:36.339463+00:00,2.1649,2.167,-0.0020999999999999908,0.45,0.55,58,23,0.9730555555555556,-11.154016878817199,,,,
2026-01-14T01:01:37.339521+00:00,2.1652,2.167,-0.0017999999999998018,0.455,0.555,58,22,0.9727777777777777,-11.154016878817199,,,,
2026-01-14T01:01:38.340216+00:00,2.1655,2.167,-0.0014999999999996128,0.445,0.555,58,21,0.9725,-11.154016878817199,,,,
2026-01-14T01:01:39.340692+00:00,2.1659,2.167,-0.0010999999999996568,0.445,0.555,58,20,0.9722222222222222,-11.154016878817199,,,,
2026-01-14T01:01:40.340909+00:00,2.1662,2.167,-0.0007999999999999119,0.47,0.53,58,19,0.9719444444444445,-11.118866194526348,,,,
2026-01-14T01:01:41.341371+00:00,2.1662,2.167,-0.0007999999999999119,0.47,0.53,58,18,0.9716666666666667,-11.118866194526348,,,,
2026-01-14T01:01:42.341498+00:00,2.1662,2.167,-0.0007999999999999119,0.475,0.525,58,17,0.9713888888888889,-11.118866194526348,,,,
2026-01-14T01:01:43.341536+00:00,2.1663,2.167,-0.0006999999999997009,0.475,0.525,58,16,0.9711111111111111,-11.118866194526348,,,,
2026-01-14T01:01:44.341912+00:00,2.1663,2.167,-0.0006999999999997009,0.475,0.525,58,15,0.9708333333333333,-11.118866194526348,,,,
2026-01-14T01:01:45.342183+00:00,2.1663,2.167,-0.0006999999999997009,0.475,0.525,58,14,0.9705555555555555,-11.122282891537758,,,,
2026-01-14T01:01:46.342284+00:00,2.1663,2.167,-0.0006999999999997009,0.475,0.525,58,13,0.9702777777777778,-11.122282891537758,,,,
2026-01-14T01:01:47.342456+00:00,2.1663,2.167,-0.0006999999999997009,0.475,0.525,58,12,0.97,-11.122282891537758,,,,
2026-01-14T01:01:48.342621+00:00,2.1667,2.167,-0.0002999999999997449,0.485,0.515,58,11,0.9697222222222223,-11.122282891537758,,,,
2026-01-14T01:01:49.343303+00:00,2.1667,2.167,-0.0002999999999997449,0.48,0.52,58,10,0.9694444444444444,-11.122282891537758,,,,
2026-01-14T01:01:50.343539+00:00,2.1667,2.167,-0.0002999999999997449,0.48,0.52,58,9,0.9691666666666666,-11.120121384475674,,,,
2026-01-14T01:01:51.343666+00:00,2.1666,2.167,-0.00039999999999995595,0.48,0.52,58,8,0.9688888888888889,-11.120121384475674,,,,
2026-01-14T01:01:52.343744+00:00,2.1665,2.167,-0.0004999999999997229,0.485,0.515,58,7,0.9686111111111111,-11.120121384475674,,,,
2026-01-14T01:01:53.343933+00:00,2.1665,2.167,-0.0004999999999997229,0.485,0.515,58,6,0.9683333333333334,-11.120121384475674,,,,
2026-01-14T01:01:54.344013+00:00,2.1664,2.167,-0.0005999999999999339,0.485,0.515,58,5,0.9680555555555556,-11.120121384475674,,,,
2026-01-14T01:01:55.344179+00:00,2.1669,2.167,-9.999999999976694e-05,0.49,0.51,58,4,0.9677777777777777,-11.126542434666812,,,,
2026-01-14T01:01:56.345104+00:00,2.1676,2.167,0.000600000000000378,0.5,0.495,58,3,0.9675,-11.126542434666812,,,,
2026-01-14T01:01:57.345369+00:00,2.1677,2.167,0.000700000000000145,0.505,0.495,58,2,0.9672222222222222,-11.126542434666812,,,,
2026-01-14T01:01:58.345453+00:00,2.168,2.167,0.001000000000000334,0.505,0.495,58,1,0.9669444444444445,-11.126542434666812,,,,
2026-01-14T01:01:59.345732+00:00,2.1675,2.167,0.000500000000000167,0.505,0.495,58,0,0.9666666666666667,-11.126542434666812,,,,
2026-01-14T01:02:00.345908+00:00,2.1674,2.167,0.00040000000000040004,0.5,0.495,57,59,0.9663888888888889,-11.123074692399129,,,,
2026-01-14T01:02:01.346085+00:00,2.1686,2.167,0.0016000000000002679,0.515,0.485,57,58,0.9661111111111111,-11.123074692399129,,,,
2026-01-14T01:02:02.346770+00:00,2.1687,2.167,0.0017000000000000348,0.515,0.485,57,57,0.9658333333333333,-11.123074692399129,,,,
2026-01-14T01:02:03.347291+00:00,2.168,2.167,0.001000000000000334,0.515,0.495,57,56,0.9655555555555555,-11.123074692399129,,,,
2026-01-14T01:02:04.347492+00:00,2.1675,2.167,0.000500000000000167,0.5,0.5,57,55,0.9652777777777778,-11.123074692399129,,,,
2026-01-14T01:02:05.347764+00:00,2.1675,2.167,0.000500000000000167,0.5,0.5,57,54,0.965,-11.12307337148404,,,,
2026-01-14T01:02:06.348511+00:00,2.167,2.167,0.0,0.485,0.515,57,53,0.9647222222222223,-11.12307337148404,,,,
2026-01-14T01:02:07.349083+00:00,2.1668,2.167,-0.00019999999999997797,0.485,0.515,57,52,0.9644444444444444,-11.12307337148404,,,,
2026-01-14T01:02:08.349254+00:00,2.1668,2.167,-0.00019999999999997797,0.485,0.515,57,51,0.9641666666666666,-11.12307337148404,,,,
2026-01-14T01:02:09.349527+00:00,2.1665,2.167,-0.0004999999999997229,0.485,0.515,57,50,0.9638888888888889,-11.12307337148404,,,,
2026-01-14T01:02:10.349705+00:00,2.1666,2.167,-0.00039999999999995595,0.49,0.51,57,49,0.9636111111111111,-11.113722225293031,,,,
2026-01-14T01:02:11.349798+00:00,2.167,2.167,0.0,0.49,0.515,57,48,0.9633333333333334,-11.113722225293031,,,,
2026-01-14T01:02:12.349936+00:00,2.167,2.167,0.0,0.485,0.51,57,47,0.9630555555555556,-11.113722225293031,,,,
2026-01-14T01:02:13.350216+00:00,2.167,2.167,0.0,0.495,0.505,57,46,0.9627777777777777,-11.113722225293031,,,,
2026-01-14T01:02:14.350394+00:00,2.167,2.167,0.0,0.495,0.505,57,45,0.9625,-11.113722225293031,,,,
2026-01-14T01:02:15.350485+00:00,2.167,2.167,0.0,0.495,0.505,57,44,0.9622222222222222,-11.120514966467052,,,,
2026-01-14T01:02:16.523055+00:00,2.1673,2.167,0.000300000000000189,0.495,0.505,57,43,0.9619444444444445,-11.120514966467052,,,,
2026-01-14T01:02:17.354663+00:00,2.1677,2.167,0.000700000000000145,0.51,0.49,57,42,0.9616666666666667,-11.120514966467052,,,,
2026-01-14T01:02:18.354801+00:00,2.1678,2.167,0.000800000000000356,0.51,0.495,57,41,0.9613888888888888,-11.120514966467052,,,,
2026-01-14T01:02:19.355474+00:00,2.1678,2.167,0.000800000000000356,0.51,0.49,57,40,0.9611111111111111,-11.120514966467052,,,,
2026-01-14T01:02:20.355746+00:00,2.1677,2.167,0.000700000000000145,0.51,0.49,57,39,0.9608333333333333,-11.127753607147929,,,,
2026-01-14T01:02:21.355850+00:00,2.1681,2.167,0.001100000000000101,0.515,0.49,57,38,0.9605555555555556,-11.127753607147929,,,,
2026-01-14T01:02:22.355906+00:00,2.1682,2.167,0.001200000000000312,0.515,0.485,57,37,0.9602777777777778,-11.127753607147929,,,,
2026-01-14T01:02:23.356194+00:00,2.1682,2.167,0.001200000000000312,0.515,0.485,57,36,0.96,-11.127753607147929,,,,
2026-01-14T01:02:24.356461+00:00,2.1681,2.167,0.001100000000000101,0.515,0.485,57,35,0.9597222222222223,-11.127753607147929,,,,
2026-01-14T01:02:25.356734+00:00,2.1681,2.167,0.001100000000000101,0.51,0.49,57,34,0.9594444444444444,-11.15824864365128,,,,
2026-01-14T01:02:26.356823+00:00,2.1681,2.167,0.001100000000000101,0.51,0.49,57,33,0.9591666666666666,-11.15824864365128,,,,
2026-01-14T01:02:27.357111+00:00,2.1682,2.167,0.001200000000000312,0.51,0.49,57,32,0.9588888888888889,-11.15824864365128,,,,
2026-01-14T01:02:28.357266+00:00,2.1678,2.167,0.000800000000000356,0.505,0.495,57,31,0.9586111111111111,-11.15824864365128,,,,
2026-01-14T01:02:29.357471+00:00,2.1677,2.167,0.000700000000000145,0.505,0.495,57,30,0.9583333333333334,-11.15824864365128,,,,
2026-01-14T01:02:30.357992+00:00,2.1676,2.167,0.000600000000000378,0.505,0.495,57,29,0.9580555555555555,-11.159860326762061,,,,
2026-01-14T01:02:31.358293+00:00,2.1672,2.167,0.00019999999999997797,0.505,0.495,57,28,0.9577777777777777,-11.159860326762061,,,,
2026-01-14T01:02:32.358479+00:00,2.167,2.167,0.0,0.49,0.51,57,27,0.9575,-11.159860326762061,,,,
2026-01-14T01:02:33.358758+00:00,2.167,2.167,0.0,0.49,0.51,57,26,0.9572222222222222,-11.159860326762061,,,,
2026-01-14T01:02:34.359033+00:00,2.1667,2.167,-0.0002999999999997449,0.48,0.52,57,25,0.9569444444444445,-11.159860326762061,,,,
2026-01-14T01:02:35.359306+00:00,2.1667,2.167,-0.0002999999999997449,0.48,0.52,57,24,0.9566666666666667,-11.15311986102285,,,,
2026-01-14T01:02:36.359474+00:00,2.1667,2.167,-0.0002999999999997449,0.48,0.52,57,23,0.9563888888888888,-11.15311986102285,,,,
2026-01-14T01:02:37.359909+00:00,2.1665,2.167,-0.0004999999999997229,0.475,0.525,57,22,0.9561111111111111,-11.15311986102285,,,,
2026-01-14T01:02:38.360008+00:00,2.1664,2.167,-0.0005999999999999339,0.475,0.525,57,21,0.9558333333333333,-11.15311986102285,,,,
2026-01-14T01:02:39.360110+00:00,2.1664,2.167,-0.0005999999999999339,0.475,0.525,57,20,0.9555555555555556,-11.15311986102285,,,,
2026-01-14T01:02:40.360295+00:00,2.1664,2.167,-0.0005999999999999339,0.475,0.525,57,19,0.9552777777777778,-11.152373194428526,,,,
2026-01-14T01:02:41.360568+00:00,2.1664,2.167,-0.0005999999999999339,0.475,0.525,57,18,0.955,-11.152373194428526,,,,
2026-01-14T01:02:42.360804+00:00,2.1664,2.167,-0.0005999999999999339,0.475,0.525,57,17,0.9547222222222222,-11.152373194428526,,,,
2026-01-14T01:02:43.361090+00:00,2.1664,2.167,-0.0005999999999999339,0.475,0.525,57,16,0.9544444444444444,-11.152373194428526,,,,
2026-01-14T01:02:44.361319+00:00,2.1663,2.167,-0.0006999999999997009,0.475,0.525,57,15,0.9541666666666667,-11.152373194428526,,,,
2026-01-14T01:02:45.362058+00:00,2.1663,2.167,-0.0006999999999997009,0.475,0.525,57,14,0.9538888888888889,-11.170259193481245,,,,
2026-01-14T01:02:46.362257+00:00,2.1663,2.167,-0.0006999999999997009,0.475,0.525,57,13,0.9536111111111111,-11.170259193481245,,,,
2026-01-14T01:02:47.362500+00:00,2.1663,2.167,-0.0006999999999997009,0.475,0.525,57,12,0.9533333333333334,-11.170259193481245,,,,
2026-01-14T01:02:48.362759+00:00,2.1664,2.167,-0.0005999999999999339,0.475,0.525,57,11,0.9530555555555555,-11.170259193481245,,,,
2026-01-14T01:02:49.362962+00:00,2.1664,2.167,-0.0005999999999999339,0.475,0.525,57,10,0.9527777777777777,-11.170259193481245,,,,
2026-01-14T01:02:50.363608+00:00,2.1664,2.167,-0.0005999999999999339,0.475,0.525,57,9,0.9525,-11.173877193641292,,,,
2026-01-14T01:02:51.363790+00:00,2.1664,2.167,-0.0005999999999999339,0.475,0.525,57,8,0.9522222222222222,-11.173877193641292,,,,
2026-01-14T01:02:52.364446+00:00,2.1663,2.167,-0.0006999999999997009,0.475,0.525,57,7,0.9519444444444445,-11.173877193641292,,,,
2026-01-14T01:02:53.364737+00:00,2.1663,2.167,-0.0006999999999997009,0.475,0.525,57,6,0.9516666666666667,-11.173877193641292,,,,
2026-01-14T01:02:54.364931+00:00,2.1663,2.167,-0.0006999999999997009,0.475,0.525,57,5,0.9513888888888888,-11.173877193641292,,,,
2026-01-14T01:02:55.365126+00:00,2.1663,2.167,-0.0006999999999997009,0.475,0.525,57,4,0.9511111111111111,-11.173876481385749,,,,
2026-01-14T01:02:56.365395+00:00,2.1662,2.167,-0.0007999999999999119,0.475,0.525,57,3,0.9508333333333333,-11.173876481385749,,,,
2026-01-14T01:02:57.365770+00:00,2.1662,2.167,-0.0007999999999999119,0.475,0.525,57,2,0.9505555555555556,-11.173876481385749,,,,
2026-01-14T01:02:58.366189+00:00,2.1663,2.167,-0.0006999999999997009,0.475,0.525,57,1,0.9502777777777778,-11.173876481385749,,,,
2026-01-14T01:02:59.366574+00:00,2.1662,2.167,-0.0007999999999999119,0.475,0.525,57,0,0.95,-11.173876481385749,,,,
2026-01-14T01:03:00.366770+00:00,2.1665,2.167,-0.0004999999999997229,0.475,0.525,56,59,0.9497222222222222,-11.173873743905913,,,,
2026-01-14T01:03:01.367199+00:00,2.1665,2.167,-0.0004999999999997229,0.475,0.525,56,58,0.9494444444444444,-11.173873743905913,,,,
2026-01-14T01:03:02.367607+00:00,2.1665,2.167,-0.0004999999999997229,0.475,0.525,56,57,0.9491666666666667,-11.173873743905913,,,,
2026-01-14T01:03:03.367793+00:00,2.1665,2.167,-0.0004999999999997229,0.475,0.525,56,56,0.9488888888888889,-11.173873743905913,,,,
2026-01-14T01:03:04.368077+00:00,2.1668,2.167,-0.00019999999999997797,0.475,0.525,56,55,0.9486111111111111,-11.173873743905913,,,,
2026-01-14T01:03:05.368266+00:00,2.1668,2.167,-0.00019999999999997797,0.475,0.525,56,54,0.9483333333333334,-11.184814123917901,,,,
2026-01-14T01:03:06.368428+00:00,2.1668,2.167,-0.00019999999999997797,0.475,0.525,56,53,0.9480555555555555,-11.184814123917901,,,,
2026-01-14T01:03:07.368850+00:00,2.1668,2.167,-0.00019999999999997797,0.475,0.525,56,52,0.9477777777777778,-11.184814123917901,,,,
2026-01-14T01:03:08.369321+00:00,2.1668,2.167,-0.00019999999999997797,0.475,0.525,56,51,0.9475,-11.184814123917901,,,,
2026-01-14T01:03:09.369542+00:00,2.1663,2.167,-0.0006999999999997009,0.465,0.535,56,50,0.9472222222222222,-11.184814123917901,,,,
2026-01-14T01:03:10.369575+00:00,2.1663,2.167,-0.0006999999999997009,0.465,0.535,56,49,0.9469444444444445,-11.190786153540543,,,,
2026-01-14T01:03:11.369783+00:00,2.1663,2.167,-0.0006999999999997009,0.465,0.535,56,48,0.9466666666666667,-11.190786153540543,,,,
2026-01-14T01:03:12.370187+00:00,2.1663,2.167,-0.0006999999999997009,0.465,0.535,56,47,0.9463888888888888,-11.190786153540543,,,,
2026-01-14T01:03:13.370283+00:00,2.1662,2.167,-0.0007999999999999119,0.465,0.535,56,46,0.9461111111111111,-11.190786153540543,,,,
2026-01-14T01:03:14.370684+00:00,2.1663,2.167,-0.0006999999999997009,0.465,0.535,56,45,0.9458333333333333,-11.190786153540543,,,,
2026-01-14T01:03:15.370944+00:00,2.1667,2.167,-0.0002999999999997449,0.48,0.52,56,44,0.9455555555555556,-11.19077978139141,,,,
2026-01-14T01:03:16.371218+00:00,2.1666,2.167,-0.00039999999999995595,0.48,0.52,56,43,0.9452777777777778,-11.19077978139141,,,,
2026-01-14T01:03:17.541051+00:00,2.1666,2.167,-0.00039999999999995595,0.475,0.52,56,42,0.945,-11.19077978139141,,,,
2026-01-14T01:03:18.371010+00:00,2.1666,2.167,-0.00039999999999995595,0.475,0.525,56,41,0.9447222222222222,-11.19077978139141,,,,
2026-01-14T01:03:19.371290+00:00,2.1666,2.167,-0.00039999999999995595,0.475,0.525,56,40,0.9444444444444444,-11.19077978139141,,,,
2026-01-14T01:03:20.371367+00:00,2.1666,2.167,-0.00039999999999995595,0.475,0.525,56,39,0.9441666666666667,-11.193092634628723,,,,
2026-01-14T01:03:21.372190+00:00,2.1667,2.167,-0.0002999999999997449,0.48,0.52,56,38,0.9438888888888889,-11.193092634628723,,,,
2026-01-14T01:03:22.372477+00:00,2.1663,2.167,-0.0006999999999997009,0.47,0.53,56,37,0.9436111111111111,-11.193092634628723,,,,
2026-01-14T01:03:23.372741+00:00,2.1663,2.167,-0.0006999999999997009,0.47,0.53,56,36,0.9433333333333334,-11.193092634628723,,,,
2026-01-14T01:03:24.373142+00:00,2.1663,2.167,-0.0006999999999997009,0.47,0.53,56,35,0.9430555555555555,-11.193092634628723,,,,
2026-01-14T01:03:25.373229+00:00,2.1663,2.167,-0.0006999999999997009,0.465,0.535,56,34,0.9427777777777778,-11.207248681470285,,,,
2026-01-14T01:03:26.373472+00:00,2.1662,2.167,-0.0007999999999999119,0.465,0.53,56,33,0.9425,-11.207248681470285,,,,
2026-01-14T01:03:27.373666+00:00,2.1663,2.167,-0.0006999999999997009,0.47,0.53,56,32,0.9422222222222222,-11.207248681470285,,,,
2026-01-14T01:03:28.373861+00:00,2.1664,2.167,-0.0005999999999999339,0.47,0.53,56,31,0.9419444444444445,-11.207248681470285,,,,
2026-01-14T01:03:29.374058+00:00,2.1664,2.167,-0.0005999999999999339,0.465,0.535,56,30,0.9416666666666667,-11.207248681470285,,,,
2026-01-14T01:03:30.374302+00:00,2.1664,2.167,-0.0005999999999999339,0.465,0.54,56,29,0.9413888888888889,-11.222897215093282,,,,
2026-01-14T01:03:31.374500+00:00,2.1663,2.167,-0.0006999999999997009,0.46,0.54,56,28,0.9411111111111111,-11.222897215093282,,,,
2026-01-14T01:03:32.374598+00:00,2.1663,2.167,-0.0006999999999997009,0.465,0.535,56,27,0.9408333333333333,-11.222897215093282,,,,
2026-01-14T01:03:33.374662+00:00,2.1663,2.167,-0.0006999999999997009,0.465,0.535,56,26,0.9405555555555556,-11.222897215093282,,,,
2026-01-14T01:03:34.375295+00:00,2.1664,2.167,-0.0005999999999999339,0.465,0.535,56,25,0.9402777777777778,-11.222897215093282,,,,
2026-01-14T01:03:35.375494+00:00,2.1665,2.167,-0.0004999999999997229,0.465,0.535,56,24,0.94,-11.222897170950736,,,,
2026-01-14T01:03:36.375580+00:00,2.1665,2.167,-0.0004999999999997229,0.47,0.53,56,23,0.9397222222222222,-11.222897170950736,,,,
2026-01-14T01:03:37.375780+00:00,2.1667,2.167,-0.0002999999999997449,0.475,0.525,56,22,0.9394444444444444,-11.222897170950736,,,,
2026-01-14T01:03:38.375983+00:00,2.1677,2.167,0.000700000000000145,0.475,0.525,56,21,0.9391666666666667,-11.222897170950736,,,,
2026-01-14T01:03:39.376249+00:00,2.1677,2.167,0.000700000000000145,0.495,0.505,56,20,0.9388888888888889,-11.222897170950736,,,,
2026-01-14T01:03:40.376516+00:00,2.168,2.167,0.001000000000000334,0.51,0.49,56,19,0.9386111111111111,-11.20319364900873,,,,
2026-01-14T01:03:41.376808+00:00,2.1679,2.167,0.0009000000000001229,0.5,0.5,56,18,0.9383333333333334,-11.20319364900873,,,,
2026-01-14T01:03:42.376896+00:00,2.1679,2.167,0.0009000000000001229,0.5,0.5,56,17,0.9380555555555555,-11.20319364900873,,,,
2026-01-14T01:03:43.377167+00:00,2.1679,2.167,0.0009000000000001229,0.5,0.5,56,16,0.9377777777777778,-11.20319364900873,,,,
2026-01-14T01:03:44.377442+00:00,2.168,2.167,0.001000000000000334,0.5,0.5,56,15,0.9375,-11.20319364900873,,,,
2026-01-14T01:03:45.377795+00:00,2.1679,2.167,0.0009000000000001229,0.5,0.495,56,14,0.9372222222222222,-11.203663224216292,,,,
2026-01-14T01:03:46.377995+00:00,2.1679,2.167,0.0009000000000001229,0.505,0.495,56,13,0.9369444444444445,-11.203663224216292,,,,
2026-01-14T01:03:47.378289+00:00,2.168,2.167,0.001000000000000334,0.505,0.495,56,12,0.9366666666666666,-11.203663224216292,,,,
2026-01-14T01:03:48.378552+00:00,2.1679,2.167,0.0009000000000001229,0.505,0.495,56,11,0.9363888888888889,-11.203663224216292,,,,
2026-01-14T01:03:49.378833+00:00,2.1679,2.167,0.0009000000000001229,0.505,0.495,56,10,0.9361111111111111,-11.203663224216292,,,,
2026-01-14T01:03:50.379103+00:00,2.168,2.167,0.001000000000000334,0.505,0.495,56,9,0.9358333333333333,-11.209152693052207,,,,
2026-01-14T01:03:51.379827+00:00,2.168,2.167,0.001000000000000334,0.505,0.495,56,8,0.9355555555555556,-11.209152693052207,,,,
2026-01-14T01:03:52.380096+00:00,2.168,2.167,0.001000000000000334,0.505,0.495,56,7,0.9352777777777778,-11.209152693052207,,,,
2026-01-14T01:03:53.380365+00:00,2.168,2.167,0.001000000000000334,0.505,0.495,56,6,0.935,-11.209152693052207,,,,
2026-01-14T01:03:54.380533+00:00,2.1681,2.167,0.001100000000000101,0.505,0.495,56,5,0.9347222222222222,-11.209152693052207,,,,
2026-01-14T01:03:55.381137+00:00,2.1682,2.167,0.001200000000000312,0.505,0.495,56,4,0.9344444444444444,-11.209939791007539,,,,
2026-01-14T01:03:56.381388+00:00,2.1686,2.167,0.0016000000000002679,0.51,0.49,56,3,0.9341666666666667,-11.209939791007539,,,,
2026-01-14T01:03:57.381581+00:00,2.1686,2.167,0.0016000000000002679,0.51,0.49,56,2,0.9338888888888889,-11.209939791007539,,,,
2026-01-14T01:03:58.381800+00:00,2.1686,2.167,0.0016000000000002679,0.515,0.485,56,1,0.9336111111111111,-11.209939791007539,,,,
2026-01-14T01:03:59.381996+00:00,2.1686,2.167,0.0016000000000002679,0.515,0.485,56,0,0.9333333333333333,-11.209939791007539,,,,
2026-01-14T01:04:00.382233+00:00,2.1684,2.167,0.00140000000000029,0.51,0.485,55,59,0.9330555555555555,-11.20931158826741,,,,
2026-01-14T01:04:01.382505+00:00,2.1684,2.167,0.00140000000000029,0.515,0.485,55,58,0.9327777777777778,-11.20931158826741,,,,
2026-01-14T01:04:02.382785+00:00,2.1687,2.167,0.0017000000000000348,0.52,0.48,55,57,0.9325,-11.20931158826741,,,,
2026-01-14T01:04:03.383045+00:00,2.1687,2.167,0.0017000000000000348,0.52,0.48,55,56,0.9322222222222222,-11.20931158826741,,,,
2026-01-14T01:04:04.383238+00:00,2.1687,2.167,0.0017000000000000348,0.52,0.48,55,55,0.9319444444444445,-11.20931158826741,,,,
2026-01-14T01:04:05.383519+00:00,2.1679,2.167,0.0009000000000001229,0.505,0.495,55,54,0.9316666666666666,-11.205550305047701,,,,
2026-01-14T01:04:06.384115+00:00,2.1684,2.167,0.00140000000000029,0.515,0.485,55,53,0.9313888888888889,-11.205550305047701,,,,
2026-01-14T01:04:07.384310+00:00,2.1684,2.167,0.00140000000000029,0.515,0.485,55,52,0.9311111111111111,-11.205550305047701,,,,
2026-01-14T01:04:08.384485+00:00,2.1684,2.167,0.00140000000000029,0.515,0.485,55,51,0.9308333333333333,-11.205550305047701,,,,
2026-01-14T01:04:09.384866+00:00,2.168,2.167,0.001000000000000334,0.505,0.49,55,50,0.9305555555555556,-11.205550305047701,,,,
2026-01-14T01:04:10.385073+00:00,2.168,2.167,0.001000000000000334,0.505,0.495,55,49,0.9302777777777778,-11.206020525281744,,,,
2026-01-14T01:04:11.385262+00:00,2.168,2.167,0.001000000000000334,0.51,0.49,55,48,0.93,-11.206020525281744,,,,
2026-01-14T01:04:12.385675+00:00,2.1684,2.167,0.00140000000000029,0.515,0.485,55,47,0.9297222222222222,-11.206020525281744,,,,
2026-01-14T01:04:13.385767+00:00,2.1684,2.167,0.00140000000000029,0.515,0.485,55,46,0.9294444444444444,-11.206020525281744,,,,
2026-01-14T01:04:14.385964+00:00,2.1681,2.167,0.001100000000000101,0.505,0.495,55,45,0.9291666666666667,-11.206020525281744,,,,
2026-01-14T01:04:15.386346+00:00,2.1681,2.167,0.001100000000000101,0.505,0.495,55,44,0.9288888888888889,-11.213574775066785,,,,
2026-01-14T01:04:16.386647+00:00,2.1683,2.167,0.0013000000000000789,0.505,0.495,55,43,0.9286111111111112,-11.213574775066785,,,,
2026-01-14T01:04:17.386994+00:00,2.1686,2.167,0.0016000000000002679,0.515,0.49,55,42,0.9283333333333333,-11.213574775066785,,,,
2026-01-14T01:04:18.558052+00:00,2.1686,2.167,0.0016000000000002679,0.51,0.49,55,41,0.9280555555555555,-11.213574775066785,,,,
2026-01-14T01:04:19.389369+00:00,2.1685,2.167,0.0015000000000000568,0.51,0.49,55,40,0.9277777777777778,-11.213574775066785,,,,
2026-01-14T01:04:20.389594+00:00,2.1683,2.167,0.0013000000000000789,0.51,0.49,55,39,0.9275,-11.213102154556402,,,,
2026-01-14T01:04:21.390003+00:00,2.1684,2.167,0.00140000000000029,0.51,0.49,55,38,0.9272222222222222,-11.213102154556402,,,,
2026-01-14T01:04:22.390510+00:00,2.1684,2.167,0.00140000000000029,0.51,0.485,55,37,0.9269444444444445,-11.213102154556402,,,,
2026-01-14T01:04:23.390705+00:00,2.1684,2.167,0.00140000000000029,0.515,0.485,55,36,0.9266666666666666,-11.213102154556402,,,,
2026-01-14T01:04:24.390731+00:00,2.1682,2.167,0.001200000000000312,0.505,0.495,55,35,0.9263888888888889,-11.213102154556402,,,,
2026-01-14T01:04:25.390942+00:00,2.1683,2.167,0.0013000000000000789,0.505,0.495,55,34,0.9261111111111111,-11.249258194880674,,,,
2026-01-14T01:04:26.391217+00:00,2.1683,2.167,0.0013000000000000789,0.505,0.49,55,33,0.9258333333333333,-11.249258194880674,,,,
2026-01-14T01:04:27.391299+00:00,2.1682,2.167,0.001200000000000312,0.505,0.495,55,32,0.9255555555555556,-11.249258194880674,,,,
2026-01-14T01:04:28.391497+00:00,2.1682,2.167,0.001200000000000312,0.505,0.495,55,31,0.9252777777777778,-11.249258194880674,,,,
2026-01-14T01:04:29.391697+00:00,2.1683,2.167,0.0013000000000000789,0.505,0.495,55,30,0.925,-11.249258194880674,,,,
2026-01-14T01:04:30.391884+00:00,2.1682,2.167,0.001200000000000312,0.505,0.495,55,29,0.9247222222222222,-11.250567125620154,,,,
2026-01-14T01:04:31.392191+00:00,2.1681,2.167,0.001100000000000101,0.505,0.495,55,28,0.9244444444444444,-11.250567125620154,,,,
2026-01-14T01:04:32.392372+00:00,2.1679,2.167,0.0009000000000001229,0.505,0.495,55,27,0.9241666666666667,-11.250567125620154,,,,
2026-01-14T01:04:33.393050+00:00,2.1674,2.167,0.00040000000000040004,0.495,0.505,55,26,0.9238888888888889,-11.250567125620154,,,,
2026-01-14T01:04:34.393242+00:00,2.1674,2.167,0.00040000000000040004,0.495,0.505,55,25,0.9236111111111112,-11.250567125620154,,,,
2026-01-14T01:04:35.393335+00:00,2.168,2.167,0.001000000000000334,0.505,0.495,55,24,0.9233333333333333,-11.250076366326091,,,,
2026-01-14T01:04:36.393409+00:00,2.1679,2.167,0.0009000000000001229,0.505,0.495,55,23,0.9230555555555555,-11.250076366326091,,,,
2026-01-14T01:04:37.393736+00:00,2.1679,2.167,0.0009000000000001229,0.505,0.495,55,22,0.9227777777777778,-11.250076366326091,,,,
2026-01-14T01:04:38.393831+00:00,2.1683,2.167,0.0013000000000000789,0.505,0.495,55,21,0.9225,-11.250076366326091,,,,
2026-01-14T01:04:39.394017+00:00,2.1683,2.167,0.0013000000000000789,0.505,0.495,55,20,0.9222222222222223,-11.250076366326091,,,,
2026-01-14T01:04:40.394295+00:00,2.1682,2.167,0.001200000000000312,0.505,0.495,55,19,0.9219444444444445,-11.25089526821015,,,,
2026-01-14T01:04:41.394743+00:00,2.1683,2.167,0.0013000000000000789,0.505,0.495,55,18,0.9216666666666666,-11.25089526821015,,,,
2026-01-14T01:04:42.394939+00:00,2.1683,2.167,0.0013000000000000789,0.505,0.495,55,17,0.9213888888888889,-11.25089526821015,,,,
2026-01-14T01:04:43.395030+00:00,2.1683,2.167,0.0013000000000000789,0.505,0.495,55,16,0.9211111111111111,-11.25089526821015,,,,
2026-01-14T01:04:44.395233+00:00,2.1683,2.167,0.0013000000000000789,0.505,0.495,55,15,0.9208333333333333,-11.25089526821015,,,,
2026-01-14T01:04:45.395621+00:00,2.168,2.167,0.001000000000000334,0.505,0.495,55,14,0.9205555555555556,-11.254342447630455,,,,
2026-01-14T01:04:46.396258+00:00,2.168,2.167,0.001000000000000334,0.505,0.495,55,13,0.9202777777777778,-11.254342447630455,,,,
2026-01-14T01:04:47.396441+00:00,2.1679,2.167,0.0009000000000001229,0.5,0.5,55,12,0.92,-11.254342447630455,,,,
2026-01-14T01:04:48.396636+00:00,2.1679,2.167,0.0009000000000001229,0.5,0.505,55,11,0.9197222222222222,-11.254342447630455,,,,
2026-01-14T01:04:49.397327+00:00,2.1675,2.167,0.000500000000000167,0.495,0.505,55,10,0.9194444444444444,-11.254342447630455,,,,
2026-01-14T01:04:50.397521+00:00,2.1676,2.167,0.000600000000000378,0.495,0.505,55,9,0.9191666666666667,-11.25188099399878,,,,
2026-01-14T01:04:51.397923+00:00,2.1676,2.167,0.000600000000000378,0.495,0.505,55,8,0.9188888888888889,-11.25188099399878,,,,
2026-01-14T01:04:52.398309+00:00,2.1676,2.167,0.000600000000000378,0.495,0.505,55,7,0.9186111111111112,-11.25188099399878,,,,
2026-01-14T01:04:53.398388+00:00,2.1675,2.167,0.000500000000000167,0.495,0.505,55,6,0.9183333333333333,-11.25188099399878,,,,
2026-01-14T01:04:54.398796+00:00,2.1675,2.167,0.000500000000000167,0.495,0.505,55,5,0.9180555555555555,-11.25188099399878,,,,
2026-01-14T01:04:55.399203+00:00,2.1675,2.167,0.000500000000000167,0.495,0.505,55,4,0.9177777777777778,-11.25582717456176,,,,
2026-01-14T01:04:56.399515+00:00,2.1672,2.167,0.00019999999999997797,0.495,0.515,55,3,0.9175,-11.25582717456176,,,,
2026-01-14T01:04:57.399716+00:00,2.1672,2.167,0.00019999999999997797,0.485,0.515,55,2,0.9172222222222223,-11.25582717456176,,,,
2026-01-14T01:04:58.399989+00:00,2.1679,2.167,0.0009000000000001229,0.505,0.5,55,1,0.9169444444444445,-11.25582717456176,,,,
2026-01-14T01:04:59.400257+00:00,2.1679,2.167,0.0009000000000001229,0.5,0.5,55,0,0.9166666666666666,-11.25582717456176,,,,
2026-01-14T01:05:00.400449+00:00,2.1683,2.167,0.0013000000000000789,0.495,0.505,54,59,0.9163888888888889,-11.246004233881768,,,,
2026-01-14T01:05:01.400723+00:00,2.1683,2.167,0.0013000000000000789,0.505,0.495,54,58,0.9161111111111111,-11.246004233881768,,,,
2026-01-14T01:05:02.400978+00:00,2.1687,2.167,0.0017000000000000348,0.505,0.495,54,57,0.9158333333333334,-11.246004233881768,,,,
2026-01-14T01:05:03.401357+00:00,2.1691,2.167,0.0020999999999999908,0.535,0.46,54,56,0.9155555555555556,-11.246004233881768,,,,
2026-01-14T01:05:04.401468+00:00,2.1695,2.167,0.002500000000000391,0.545,0.455,54,55,0.9152777777777777,-11.246004233881768,,,,
2026-01-14T01:05:05.402222+00:00,2.1702,2.167,0.0032000000000000917,0.56,0.43,54,54,0.915,-11.191389574327774,,,,
2026-01-14T01:05:06.402488+00:00,2.1706,2.167,0.0036000000000000476,0.565,0.43,54,53,0.9147222222222222,-11.191389574327774,,,,
2026-01-14T01:05:07.402945+00:00,2.1706,2.167,0.0036000000000000476,0.57,0.43,54,52,0.9144444444444444,-11.191389574327774,,,,
2026-01-14T01:05:08.403185+00:00,2.1706,2.167,0.0036000000000000476,0.57,0.43,54,51,0.9141666666666667,-11.191389574327774,,,,
2026-01-14T01:05:09.403368+00:00,2.1713,2.167,0.0043000000000001926,0.585,0.415,54,50,0.9138888888888889,-11.191389574327774,,,,
2026-01-14T01:05:10.404242+00:00,2.1709,2.167,0.0039000000000002366,0.575,0.425,54,49,0.9136111111111112,-11.18633357590586,,,,
2026-01-14T01:05:11.404511+00:00,2.1716,2.167,0.0046000000000003816,0.59,0.41,54,48,0.9133333333333333,-11.18633357590586,,,,
2026-01-14T01:05:12.404611+00:00,2.1713,2.167,0.0043000000000001926,0.585,0.42,54,47,0.9130555555555555,-11.18633357590586,,,,
2026-01-14T01:05:13.405001+00:00,2.171,2.167,0.0040000000000000036,0.575,0.425,54,46,0.9127777777777778,-11.18633357590586,,,,
2026-01-14T01:05:14.405276+00:00,2.171,2.167,0.0040000000000000036,0.58,0.42,54,45,0.9125,-11.18633357590586,,,,
2026-01-14T01:05:15.405467+00:00,2.1717,2.167,0.0047000000000001485,0.6,0.405,54,44,0.9122222222222223,-11.180399859902469,,,,
2026-01-14T01:05:16.406151+00:00,2.1714,2.167,0.004400000000000404,0.585,0.415,54,43,0.9119444444444444,-11.180399859902469,,,,
2026-01-14T01:05:17.406167+00:00,2.1711,2.167,0.004100000000000215,0.58,0.425,54,42,0.9116666666666666,-11.180399859902469,,,,
2026-01-14T01:05:18.406475+00:00,2.1711,2.167,0.004100000000000215,0.575,0.42,54,41,0.9113888888888889,-11.180399859902469,,,,
2026-01-14T01:05:19.582034+00:00,2.171,2.167,0.0040000000000000036,0.575,0.425,54,40,0.9111111111111111,-11.180399859902469,,,,
2026-01-14T01:05:20.402451+00:00,2.171,2.167,0.0040000000000000036,0.575,0.425,54,39,0.9108333333333334,-11.173581095076793,,,,
2026-01-14T01:05:21.403038+00:00,2.171,2.167,0.0040000000000000036,0.575,0.425,54,38,0.9105555555555556,-11.173581095076793,,,,
2026-01-14T01:05:22.403018+00:00,2.1712,2.167,0.0041999999999999815,0.575,0.425,54,37,0.9102777777777777,-11.173581095076793,,,,
2026-01-14T01:05:23.403109+00:00,2.1718,2.167,0.0048000000000003595,0.6,0.4,54,36,0.91,-11.173581095076793,,,,
2026-01-14T01:05:24.403304+00:00,2.1719,2.167,0.0049000000000001265,0.6,0.4,54,35,0.9097222222222222,-11.173581095076793,,,,
2026-01-14T01:05:25.403683+00:00,2.1719,2.167,0.0049000000000001265,0.6,0.4,54,34,0.9094444444444445,-11.163819588922463,,,,
2026-01-14T01:05:26.404153+00:00,2.1722,2.167,0.0052000000000003155,0.61,0.39,54,33,0.9091666666666667,-11.163819588922463,,,,
2026-01-14T01:05:27.404261+00:00,2.1725,2.167,0.00550000000000006,0.61,0.39,54,32,0.9088888888888889,-11.163819588922463,,,,
2026-01-14T01:05:28.404477+00:00,2.1726,2.167,0.005600000000000271,0.62,0.38,54,31,0.9086111111111111,-11.163819588922463,,,,
2026-01-14T01:05:29.404693+00:00,2.1728,2.167,0.005800000000000249,0.62,0.38,54,30,0.9083333333333333,-11.163819588922463,,,,
2026-01-14T01:05:30.404968+00:00,2.173,2.167,0.006000000000000227,0.63,0.37,54,29,0.9080555555555555,-11.146045572051182,,,,
2026-01-14T01:05:31.405242+00:00,2.1732,2.167,0.006200000000000205,0.625,0.375,54,28,0.9077777777777778,-11.146045572051182,,,,
2026-01-14T01:05:32.405551+00:00,2.1727,2.167,0.005700000000000038,0.615,0.385,54,27,0.9075,-11.146045572051182,,,,
2026-01-14T01:05:33.405750+00:00,2.1727,2.167,0.005700000000000038,0.62,0.38,54,26,0.9072222222222223,-11.146045572051182,,,,
2026-01-14T01:05:34.406028+00:00,2.1728,2.167,0.005800000000000249,0.62,0.385,54,25,0.9069444444444444,-11.146045572051182,,,,
2026-01-14T01:05:35.406220+00:00,2.1725,2.167,0.00550000000000006,0.61,0.39,54,24,0.9066666666666666,-11.146063539148678,,,,
2026-01-14T01:05:36.406498+00:00,2.1726,2.167,0.005600000000000271,0.61,0.39,54,23,0.9063888888888889,-11.146063539148678,,,,
2026-01-14T01:05:37.406606+00:00,2.1724,2.167,0.0054000000000002935,0.61,0.38,54,22,0.9061111111111111,-11.146063539148678,,,,
2026-01-14T01:05:38.406878+00:00,2.173,2.167,0.006000000000000227,0.615,0.39,54,21,0.9058333333333334,-11.146063539148678,,,,
2026-01-14T01:05:39.407085+00:00,2.1725,2.167,0.00550000000000006,0.61,0.4,54,20,0.9055555555555556,-11.146063539148678,,,,
2026-01-14T01:05:40.407369+00:00,2.1724,2.167,0.0054000000000002935,0.61,0.39,54,19,0.9052777777777777,-11.14828006915523,,,,
2026-01-14T01:05:41.407568+00:00,2.1727,2.167,0.005700000000000038,0.615,0.385,54,18,0.905,-11.14828006915523,,,,
2026-01-14T01:05:42.407898+00:00,2.1728,2.167,0.005800000000000249,0.615,0.385,54,17,0.9047222222222222,-11.14828006915523,,,,
2026-01-14T01:05:43.408505+00:00,2.1729,2.167,0.005900000000000016,0.615,0.385,54,16,0.9044444444444445,-11.14828006915523,,,,
2026-01-14T01:05:44.408708+00:00,2.1729,2.167,0.005900000000000016,0.615,0.385,54,15,0.9041666666666667,-11.14828006915523,,,,
2026-01-14T01:05:45.409142+00:00,2.1732,2.167,0.006200000000000205,0.625,0.375,54,14,0.9038888888888889,-11.144200591917965,,,,
2026-01-14T01:05:46.409326+00:00,2.1732,2.167,0.006200000000000205,0.625,0.375,54,13,0.9036111111111111,-11.144200591917965,,,,
2026-01-14T01:05:47.409842+00:00,2.1732,2.167,0.006200000000000205,0.625,0.38,54,12,0.9033333333333333,-11.144200591917965,,,,
2026-01-14T01:05:48.410207+00:00,2.1731,2.167,0.006099999999999994,0.615,0.385,54,11,0.9030555555555555,-11.144200591917965,,,,
2026-01-14T01:05:49.410401+00:00,2.1725,2.167,0.00550000000000006,0.605,0.395,54,10,0.9027777777777778,-11.144200591917965,,,,
2026-01-14T01:05:50.410588+00:00,2.1723,2.167,0.005300000000000082,0.605,0.395,54,9,0.9025,-11.134737472515274,,,,
2026-01-14T01:05:51.410673+00:00,2.1723,2.167,0.005300000000000082,0.605,0.395,54,8,0.9022222222222223,-11.134737472515274,,,,
2026-01-14T01:05:52.410771+00:00,2.1723,2.167,0.005300000000000082,0.605,0.395,54,7,0.9019444444444444,-11.134737472515274,,,,
2026-01-14T01:05:53.410896+00:00,2.1723,2.167,0.005300000000000082,0.605,0.395,54,6,0.9016666666666666,-11.134737472515274,,,,
2026-01-14T01:05:54.411167+00:00,2.1718,2.167,0.0048000000000003595,0.59,0.42,54,5,0.9013888888888889,-11.134737472515274,,,,
2026-01-14T01:05:55.411983+00:00,2.1715,2.167,0.0045000000000001705,0.58,0.42,54,4,0.9011111111111111,-11.130709926161101,,,,
2026-01-14T01:05:56.412194+00:00,2.1715,2.167,0.0045000000000001705,0.58,0.42,54,3,0.9008333333333334,-11.130709926161101,,,,
2026-01-14T01:05:57.412799+00:00,2.1714,2.167,0.004400000000000404,0.58,0.42,54,2,0.9005555555555556,-11.130709926161101,,,,
2026-01-14T01:05:58.412989+00:00,2.1715,2.167,0.0045000000000001705,0.59,0.41,54,1,0.9002777777777777,-11.130709926161101,,,,
2026-01-14T01:05:59.413269+00:00,2.1715,2.167,0.0045000000000001705,0.58,0.42,54,0,0.9,-11.130709926161101,,,,
2026-01-14T01:06:00.413486+00:00,2.1715,2.167,0.0045000000000001705,0.575,0.425,53,59,0.8997222222222222,-11.140072208490999,,,,
2026-01-14T01:06:01.413849+00:00,2.1709,2.167,0.0039000000000002366,0.57,0.435,53,58,0.8994444444444445,-11.140072208490999,,,,
2026-01-14T01:06:02.414173+00:00,2.1709,2.167,0.0039000000000002366,0.565,0.435,53,57,0.8991666666666667,-11.140072208490999,,,,
2026-01-14T01:06:03.414633+00:00,2.1704,2.167,0.0034000000000000696,0.555,0.445,53,56,0.8988888888888888,-11.140072208490999,,,,
2026-01-14T01:06:04.415044+00:00,2.1704,2.167,0.0034000000000000696,0.555,0.445,53,55,0.8986111111111111,-11.140072208490999,,,,
2026-01-14T01:06:05.415149+00:00,2.1699,2.167,0.0029000000000003467,0.545,0.455,53,54,0.8983333333333333,-11.104611143875555,,,,
2026-01-14T01:06:06.415314+00:00,2.1699,2.167,0.0029000000000003467,0.545,0.455,53,53,0.8980555555555556,-11.104611143875555,,,,
2026-01-14T01:06:07.415713+00:00,2.1696,2.167,0.0026000000000001577,0.535,0.465,53,52,0.8977777777777778,-11.104611143875555,,,,
2026-01-14T01:06:08.415943+00:00,2.1696,2.167,0.0026000000000001577,0.54,0.46,53,51,0.8975,-11.104611143875555,,,,
2026-01-14T01:06:09.416434+00:00,2.1692,2.167,0.002200000000000202,0.525,0.475,53,50,0.8972222222222223,-11.104611143875555,,,,
2026-01-14T01:06:10.416797+00:00,2.1689,2.167,0.0019000000000000128,0.525,0.475,53,49,0.8969444444444444,-11.097469091939079,,,,
2026-01-14T01:06:11.416948+00:00,2.1689,2.167,0.0019000000000000128,0.525,0.475,53,48,0.8966666666666666,-11.097469091939079,,,,
2026-01-14T01:06:12.417145+00:00,2.169,2.167,0.002000000000000224,0.525,0.475,53,47,0.8963888888888889,-11.097469091939079,,,,
2026-01-14T01:06:13.417681+00:00,2.1692,2.167,0.002200000000000202,0.53,0.47,53,46,0.8961111111111111,-11.097469091939079,,,,
2026-01-14T01:06:14.417835+00:00,2.1692,2.167,0.002200000000000202,0.525,0.475,53,45,0.8958333333333334,-11.097469091939079,,,,
2026-01-14T01:06:15.418028+00:00,2.1689,2.167,0.0019000000000000128,0.525,0.475,53,44,0.8955555555555555,-11.0976101203097,,,,
2026-01-14T01:06:16.418210+00:00,2.1685,2.167,0.0015000000000000568,0.515,0.485,53,43,0.8952777777777777,-11.0976101203097,,,,
2026-01-14T01:06:17.418853+00:00,2.1682,2.167,0.001200000000000312,0.515,0.485,53,42,0.895,-11.0976101203097,,,,
2026-01-14T01:06:18.418935+00:00,2.1681,2.167,0.001100000000000101,0.505,0.495,53,41,0.8947222222222222,-11.0976101203097,,,,
2026-01-14T01:06:19.419941+00:00,2.1681,2.167,0.001100000000000101,0.505,0.495,53,40,0.8944444444444445,-11.0976101203097,,,,
2026-01-14T01:06:20.597053+00:00,2.1681,2.167,0.001100000000000101,0.505,0.495,53,39,0.8941666666666667,-11.088805572887415,,,,
2026-01-14T01:06:21.426533+00:00,2.1682,2.167,0.001200000000000312,0.505,0.495,53,38,0.8938888888888888,-11.088805572887415,,,,
2026-01-14T01:06:22.426736+00:00,2.1682,2.167,0.001200000000000312,0.505,0.495,53,37,0.8936111111111111,-11.088805572887415,,,,
2026-01-14T01:06:23.426933+00:00,2.1685,2.167,0.0015000000000000568,0.505,0.495,53,36,0.8933333333333333,-11.088805572887415,,,,
2026-01-14T01:06:24.427132+00:00,2.1678,2.167,0.000800000000000356,0.495,0.505,53,35,0.8930555555555556,-11.088805572887415,,,,
2026-01-14T01:06:25.427506+00:00,2.1674,2.167,0.00040000000000040004,0.485,0.515,53,34,0.8927777777777778,-11.082005597568905,,,,
2026-01-14T01:06:26.427701+00:00,2.1674,2.167,0.00040000000000040004,0.49,0.51,53,33,0.8925,-11.082005597568905,,,,
2026-01-14T01:06:27.427894+00:00,2.1702,2.167,0.0032000000000000917,0.505,0.495,53,32,0.8922222222222222,-11.082005597568905,,,,
2026-01-14T01:06:28.428175+00:00,2.1701,2.167,0.0031000000000003247,0.555,0.445,53,31,0.8919444444444444,-11.082005597568905,,,,
2026-01-14T01:06:29.428249+00:00,2.17,2.167,0.0030000000000001137,0.55,0.45,53,30,0.8916666666666667,-11.082005597568905,,,,
2026-01-14T01:06:30.428914+00:00,2.1704,2.167,0.0034000000000000696,0.555,0.445,53,29,0.8913888888888889,-10.969262545913287,,,,
2026-01-14T01:06:31.429852+00:00,2.1704,2.167,0.0034000000000000696,0.555,0.445,53,28,0.8911111111111111,-10.969262545913287,,,,
2026-01-14T01:06:32.430113+00:00,2.1704,2.167,0.0034000000000000696,0.555,0.445,53,27,0.8908333333333334,-10.969262545913287,,,,
2026-01-14T01:06:33.430364+00:00,2.1699,2.167,0.0029000000000003467,0.545,0.455,53,26,0.8905555555555555,-10.969262545913287,,,,
2026-01-14T01:06:34.430554+00:00,2.17,2.167,0.0030000000000001137,0.55,0.45,53,25,0.8902777777777777,-10.969262545913287,,,,
2026-01-14T01:06:35.431189+00:00,2.1703,2.167,0.0033000000000003027,0.56,0.44,53,24,0.89,-10.971125173723518,,,,
2026-01-14T01:06:36.431456+00:00,2.1706,2.167,0.0036000000000000476,0.555,0.445,53,23,0.8897222222222222,-10.971125173723518,,,,
2026-01-14T01:06:37.431730+00:00,2.1704,2.167,0.0034000000000000696,0.555,0.445,53,22,0.8894444444444445,-10.971125173723518,,,,
2026-01-14T01:06:38.432133+00:00,2.1705,2.167,0.0035000000000002807,0.555,0.445,53,21,0.8891666666666667,-10.971125173723518,,,,
2026-01-14T01:06:39.432249+00:00,2.1705,2.167,0.0035000000000002807,0.555,0.445,53,20,0.8888888888888888,-10.971125173723518,,,,
2026-01-14T01:06:40.432392+00:00,2.1705,2.167,0.0035000000000002807,0.555,0.445,53,19,0.8886111111111111,-10.971749643129966,,,,
2026-01-14T01:06:41.432664+00:00,2.1705,2.167,0.0035000000000002807,0.555,0.445,53,18,0.8883333333333333,-10.971749643129966,,,,
2026-01-14T01:06:42.432940+00:00,2.1709,2.167,0.0039000000000002366,0.555,0.445,53,17,0.8880555555555556,-10.971749643129966,,,,
2026-01-14T01:06:43.433132+00:00,2.1711,2.167,0.004100000000000215,0.565,0.435,53,16,0.8877777777777778,-10.971749643129966,,,,
2026-01-14T01:06:44.433587+00:00,2.1706,2.167,0.0036000000000000476,0.555,0.445,53,15,0.8875,-10.971749643129966,,,,
2026-01-14T01:06:45.433684+00:00,2.1705,2.167,0.0035000000000002807,0.555,0.445,53,14,0.8872222222222222,-10.972247041193341,,,,
2026-01-14T01:06:46.433877+00:00,2.1704,2.167,0.0034000000000000696,0.555,0.445,53,13,0.8869444444444444,-10.972247041193341,,,,
2026-01-14T01:06:47.434075+00:00,2.1698,2.167,0.0028000000000001357,0.545,0.455,53,12,0.8866666666666667,-10.972247041193341,,,,
2026-01-14T01:06:48.434269+00:00,2.1698,2.167,0.0028000000000001357,0.545,0.455,53,11,0.8863888888888889,-10.972247041193341,,,,
2026-01-14T01:06:49.434542+00:00,2.1697,2.167,0.0027000000000003688,0.545,0.455,53,10,0.8861111111111111,-10.972247041193341,,,,
2026-01-14T01:06:50.434739+00:00,2.1699,2.167,0.0029000000000003467,0.545,0.455,53,9,0.8858333333333334,-10.968301125054865,,,,
2026-01-14T01:06:51.434929+00:00,2.1701,2.167,0.0031000000000003247,0.55,0.45,53,8,0.8855555555555555,-10.968301125054865,,,,
2026-01-14T01:06:52.435123+00:00,2.1701,2.167,0.0031000000000003247,0.55,0.45,53,7,0.8852777777777778,-10.968301125054865,,,,
2026-01-14T01:06:53.435316+00:00,2.1702,2.167,0.0032000000000000917,0.55,0.45,53,6,0.885,-10.968301125054865,,,,
2026-01-14T01:06:54.435517+00:00,2.1701,2.167,0.0031000000000003247,0.545,0.455,53,5,0.8847222222222222,-10.968301125054865,,,,
2026-01-14T01:06:55.435705+00:00,2.1711,2.167,0.004100000000000215,0.565,0.435,53,4,0.8844444444444445,-10.958546840331046,,,,
2026-01-14T01:06:56.436291+00:00,2.1708,2.167,0.0038000000000000256,0.56,0.44,53,3,0.8841666666666667,-10.958546840331046,,,,
2026-01-14T01:06:57.436563+00:00,2.1719,2.167,0.0049000000000001265,0.595,0.4,53,2,0.8838888888888888,-10.958546840331046,,,,
2026-01-14T01:06:58.436840+00:00,2.1722,2.167,0.0052000000000003155,0.6,0.4,53,1,0.8836111111111111,-10.958546840331046,,,,
2026-01-14T01:06:59.437037+00:00,2.1722,2.167,0.0052000000000003155,0.59,0.415,53,0,0.8833333333333333,-10.958546840331046,,,,
2026-01-14T01:07:00.437224+00:00,2.1719,2.167,0.0049000000000001265,0.58,0.425,52,59,0.8830555555555556,-10.951876524431777,,,,
2026-01-14T01:07:01.437414+00:00,2.1719,2.167,0.0049000000000001265,0.585,0.415,52,58,0.8827777777777778,-10.951876524431777,,,,
2026-01-14T01:07:02.438164+00:00,2.1719,2.167,0.0049000000000001265,0.585,0.415,52,57,0.8825,-10.951876524431777,,,,
2026-01-14T01:07:03.438531+00:00,2.1718,2.167,0.0048000000000003595,0.58,0.42,52,56,0.8822222222222222,-10.951876524431777,,,,
2026-01-14T01:07:04.438728+00:00,2.1718,2.167,0.0048000000000003595,0.585,0.415,52,55,0.8819444444444444,-10.951876524431777,,,,
2026-01-14T01:07:05.438918+00:00,2.1717,2.167,0.0047000000000001485,0.58,0.42,52,54,0.8816666666666667,-10.952489304116241,,,,
2026-01-14T01:07:06.439188+00:00,2.1718,2.167,0.0048000000000003595,0.58,0.425,52,53,0.8813888888888889,-10.952489304116241,,,,
2026-01-14T01:07:07.439278+00:00,2.1717,2.167,0.0047000000000001485,0.58,0.42,52,52,0.8811111111111111,-10.952489304116241,,,,
2026-01-14T01:07:08.439467+00:00,2.1716,2.167,0.0046000000000003816,0.575,0.425,52,51,0.8808333333333334,-10.952489304116241,,,,
2026-01-14T01:07:09.439661+00:00,2.1716,2.167,0.0046000000000003816,0.575,0.425,52,50,0.8805555555555555,-10.952489304116241,,,,
2026-01-14T01:07:10.439741+00:00,2.173,2.167,0.006000000000000227,0.585,0.4,52,49,0.8802777777777778,-10.9322483896571,,,,
2026-01-14T01:07:11.439990+00:00,2.173,2.167,0.006000000000000227,0.605,0.395,52,48,0.88,-10.9322483896571,,,,
2026-01-14T01:07:12.440179+00:00,2.1727,2.167,0.005700000000000038,0.6,0.405,52,47,0.8797222222222222,-10.9322483896571,,,,
2026-01-14T01:07:13.440295+00:00,2.1727,2.167,0.005700000000000038,0.605,0.395,52,46,0.8794444444444445,-10.9322483896571,,,,
2026-01-14T01:07:14.440556+00:00,2.1732,2.167,0.006200000000000205,0.615,0.385,52,45,0.8791666666666667,-10.9322483896571,,,,
2026-01-14T01:07:15.441191+00:00,2.1735,2.167,0.006500000000000394,0.625,0.375,52,44,0.8788888888888889,-10.929410199983153,,,,
2026-01-14T01:07:16.441378+00:00,2.1737,2.167,0.006700000000000372,0.625,0.375,52,43,0.8786111111111111,-10.929410199983153,,,,
2026-01-14T01:07:17.441580+00:00,2.1737,2.167,0.006700000000000372,0.625,0.375,52,42,0.8783333333333333,-10.929410199983153,,,,
2026-01-14T01:07:18.441754+00:00,2.1732,2.167,0.006200000000000205,0.615,0.385,52,41,0.8780555555555556,-10.929410199983153,,,,
2026-01-14T01:07:19.441945+00:00,2.1731,2.167,0.006099999999999994,0.615,0.39,52,40,0.8777777777777778,-10.929410199983153,,,,
2026-01-14T01:07:20.442033+00:00,2.173,2.167,0.006000000000000227,0.605,0.39,52,39,0.8775,-10.926936343634791,,,,
2026-01-14T01:07:21.615056+00:00,2.1728,2.167,0.005800000000000249,0.6,0.4,52,38,0.8772222222222222,-10.926936343634791,,,,
2026-01-14T01:07:22.442069+00:00,2.1728,2.167,0.005800000000000249,0.6,0.4,52,37,0.8769444444444444,-10.926936343634791,,,,
2026-01-14T01:07:23.442331+00:00,2.173,2.167,0.006000000000000227,0.61,0.39,52,36,0.8766666666666667,-10.926936343634791,,,,
2026-01-14T01:07:24.442694+00:00,2.1731,2.167,0.006099999999999994,0.615,0.385,52,35,0.8763888888888889,-10.926936343634791,,,,
2026-01-14T01:07:25.442772+00:00,2.1731,2.167,0.006099999999999994,0.61,0.39,52,34,0.8761111111111111,-10.927887830847638,,,,
2026-01-14T01:07:26.443062+00:00,2.1731,2.167,0.006099999999999994,0.61,0.39,52,33,0.8758333333333334,-10.927887830847638,,,,
2026-01-14T01:07:27.443345+00:00,2.1734,2.167,0.006400000000000183,0.615,0.385,52,32,0.8755555555555555,-10.927887830847638,,,,
2026-01-14T01:07:28.443506+00:00,2.1734,2.167,0.006400000000000183,0.625,0.375,52,31,0.8752777777777778,-10.927887830847638,,,,
2026-01-14T01:07:29.443789+00:00,2.1733,2.167,0.006299999999999972,0.625,0.375,52,30,0.875,-10.927887830847638,,,,
2026-01-14T01:07:30.444610+00:00,2.1733,2.167,0.006299999999999972,0.62,0.38,52,29,0.8747222222222222,-10.935051630391152,,,,
2026-01-14T01:07:31.444814+00:00,2.1717,2.167,0.0047000000000001485,0.605,0.39,52,28,0.8744444444444445,-10.935051630391152,,,,
2026-01-14T01:07:32.445085+00:00,2.1721,2.167,0.0051000000000001044,0.605,0.395,52,27,0.8741666666666666,-10.935051630391152,,,,
2026-01-14T01:07:33.445689+00:00,2.1724,2.167,0.0054000000000002935,0.61,0.39,52,26,0.8738888888888889,-10.935051630391152,,,,
2026-01-14T01:07:34.446364+00:00,2.1724,2.167,0.0054000000000002935,0.625,0.375,52,25,0.8736111111111111,-10.935051630391152,,,,
2026-01-14T01:07:35.446629+00:00,2.1725,2.167,0.00550000000000006,0.625,0.39,52,24,0.8733333333333333,-10.92759372807905,,,,
2026-01-14T01:07:36.446898+00:00,2.1724,2.167,0.0054000000000002935,0.605,0.39,52,23,0.8730555555555556,-10.92759372807905,,,,
2026-01-14T01:07:37.447172+00:00,2.1724,2.167,0.0054000000000002935,0.605,0.39,52,22,0.8727777777777778,-10.92759372807905,,,,
2026-01-14T01:07:38.447465+00:00,2.1722,2.167,0.0052000000000003155,0.595,0.41,52,21,0.8725,-10.92759372807905,,,,
2026-01-14T01:07:39.448263+00:00,2.1716,2.167,0.0046000000000003816,0.59,0.415,52,20,0.8722222222222222,-10.92759372807905,,,,
2026-01-14T01:07:40.448630+00:00,2.1717,2.167,0.0047000000000001485,0.59,0.405,52,19,0.8719444444444444,-10.937201030909051,,,,
2026-01-14T01:07:41.448905+00:00,2.172,2.167,0.0050000000000003375,0.59,0.405,52,18,0.8716666666666667,-10.937201030909051,,,,
2026-01-14T01:07:42.449173+00:00,2.1722,2.167,0.0052000000000003155,0.59,0.41,52,17,0.8713888888888889,-10.937201030909051,,,,
2026-01-14T01:07:43.449927+00:00,2.1721,2.167,0.0051000000000001044,0.595,0.41,52,16,0.8711111111111111,-10.937201030909051,,,,
2026-01-14T01:07:44.450125+00:00,2.1721,2.167,0.0051000000000001044,0.59,0.41,52,15,0.8708333333333333,-10.937201030909051,,,,
2026-01-14T01:07:45.450387+00:00,2.1722,2.167,0.0052000000000003155,0.595,0.405,52,14,0.8705555555555555,-10.934225529644737,,,,
2026-01-14T01:07:46.450659+00:00,2.1723,2.167,0.005300000000000082,0.595,0.405,52,13,0.8702777777777778,-10.934225529644737,,,,
2026-01-14T01:07:47.450852+00:00,2.1723,2.167,0.005300000000000082,0.595,0.405,52,12,0.87,-10.934225529644737,,,,
2026-01-14T01:07:48.451234+00:00,2.1722,2.167,0.0052000000000003155,0.595,0.405,52,11,0.8697222222222222,-10.934225529644737,,,,
2026-01-14T01:07:49.451444+00:00,2.1724,2.167,0.0054000000000002935,0.595,0.405,52,10,0.8694444444444445,-10.934225529644737,,,,
2026-01-14T01:07:50.451701+00:00,2.1723,2.167,0.005300000000000082,0.595,0.41,52,9,0.8691666666666666,-10.937101172888744,,,,
2026-01-14T01:07:51.451891+00:00,2.1723,2.167,0.005300000000000082,0.59,0.41,52,8,0.8688888888888889,-10.937101172888744,,,,
2026-01-14T01:07:52.452156+00:00,2.1723,2.167,0.005300000000000082,0.59,0.41,52,7,0.8686111111111111,-10.937101172888744,,,,
2026-01-14T01:07:53.452421+00:00,2.1723,2.167,0.005300000000000082,0.59,0.41,52,6,0.8683333333333333,-10.937101172888744,,,,
2026-01-14T01:07:54.452674+00:00,2.1723,2.167,0.005300000000000082,0.59,0.41,52,5,0.8680555555555556,-10.937101172888744,,,,
2026-01-14T01:07:55.452770+00:00,2.1717,2.167,0.0047000000000001485,0.585,0.41,52,4,0.8677777777777778,-10.933895555736495,,,,
2026-01-14T01:07:56.452970+00:00,2.1718,2.167,0.0048000000000003595,0.585,0.415,52,3,0.8675,-10.933895555736495,,,,
2026-01-14T01:07:57.453554+00:00,2.1716,2.167,0.0046000000000003816,0.585,0.415,52,2,0.8672222222222222,-10.933895555736495,,,,
2026-01-14T01:07:58.453835+00:00,2.1716,2.167,0.0046000000000003816,0.585,0.415,52,1,0.8669444444444444,-10.933895555736495,,,,
2026-01-14T01:07:59.454116+00:00,2.1713,2.167,0.0043000000000001926,0.58,0.42,52,0,0.8666666666666667,-10.933895555736495,,,,
2026-01-14T01:08:00.454321+00:00,2.1711,2.167,0.004100000000000215,0.58,0.425,51,59,0.8663888888888889,-10.929744636184214,,,,
2026-01-14T01:08:01.454448+00:00,2.1709,2.167,0.0039000000000002366,0.57,0.425,51,58,0.8661111111111112,-10.929744636184214,,,,
2026-01-14T01:08:02.454653+00:00,2.1708,2.167,0.0038000000000000256,0.57,0.435,51,57,0.8658333333333333,-10.929744636184214,,,,
2026-01-14T01:08:03.455199+00:00,2.1704,2.167,0.0034000000000000696,0.56,0.44,51,56,0.8655555555555555,-10.929744636184214,,,,
2026-01-14T01:08:04.455804+00:00,2.1704,2.167,0.0034000000000000696,0.575,0.425,51,55,0.8652777777777778,-10.929744636184214,,,,
2026-01-14T01:08:05.455949+00:00,2.171,2.167,0.0040000000000000036,0.585,0.415,51,54,0.865,-10.956758149283143,,,,
2026-01-14T01:08:06.456148+00:00,2.1712,2.167,0.0041999999999999815,0.585,0.415,51,53,0.8647222222222222,-10.956758149283143,,,,
2026-01-14T01:08:07.456379+00:00,2.1712,2.167,0.0041999999999999815,0.585,0.415,51,52,0.8644444444444445,-10.956758149283143,,,,
2026-01-14T01:08:08.456876+00:00,2.1716,2.167,0.0046000000000003816,0.59,0.41,51,51,0.8641666666666666,-10.956758149283143,,,,
2026-01-14T01:08:09.456919+00:00,2.1716,2.167,0.0046000000000003816,0.585,0.415,51,50,0.8638888888888889,-10.956758149283143,,,,
2026-01-14T01:08:10.457123+00:00,2.1715,2.167,0.0045000000000001705,0.585,0.42,51,49,0.8636111111111111,-10.953843813496041,,,,
2026-01-14T01:08:11.457606+00:00,2.1712,2.167,0.0041999999999999815,0.585,0.415,51,48,0.8633333333333333,-10.953843813496041,,,,
2026-01-14T01:08:12.457807+00:00,2.1715,2.167,0.0045000000000001705,0.59,0.41,51,47,0.8630555555555556,-10.953843813496041,,,,
2026-01-14T01:08:13.457999+00:00,2.1715,2.167,0.0045000000000001705,0.59,0.405,51,46,0.8627777777777778,-10.953843813496041,,,,
2026-01-14T01:08:14.458266+00:00,2.1724,2.167,0.0054000000000002935,0.61,0.395,51,45,0.8625,-10.953843813496041,,,,
2026-01-14T01:08:15.458469+00:00,2.1721,2.167,0.0051000000000001044,0.605,0.395,51,44,0.8622222222222222,-10.970186146835589,,,,
2026-01-14T01:08:16.458570+00:00,2.172,2.167,0.0050000000000003375,0.605,0.395,51,43,0.8619444444444444,-10.970186146835589,,,,
2026-01-14T01:08:17.459003+00:00,2.172,2.167,0.0050000000000003375,0.6,0.395,51,42,0.8616666666666667,-10.970186146835589,,,,
2026-01-14T01:08:18.459777+00:00,2.172,2.167,0.0050000000000003375,0.61,0.39,51,41,0.8613888888888889,-10.970186146835589,,,,
2026-01-14T01:08:19.460052+00:00,2.1724,2.167,0.0054000000000002935,0.615,0.385,51,40,0.8611111111111112,-10.970186146835589,,,,
2026-01-14T01:08:20.460247+00:00,2.1724,2.167,0.0054000000000002935,0.61,0.395,51,39,0.8608333333333333,-10.972170624826072,,,,
2026-01-14T01:08:21.460870+00:00,2.172,2.167,0.0050000000000003375,0.595,0.405,51,38,0.8605555555555555,-10.972170624826072,,,,
2026-01-14T01:08:22.931053+00:00,2.1716,2.167,0.0046000000000003816,0.6,0.405,51,37,0.8602777777777778,-10.972170624826072,,,,
2026-01-14T01:08:23.462290+00:00,2.1716,2.167,0.0046000000000003816,0.595,0.405,51,36,0.86,-10.972170624826072,,,,
2026-01-14T01:08:24.462960+00:00,2.1724,2.167,0.0054000000000002935,0.61,0.39,51,35,0.8597222222222223,-10.972170624826072,,,,
2026-01-14T01:08:25.463962+00:00,2.1729,2.167,0.005900000000000016,0.62,0.38,51,34,0.8594444444444445,-10.970203109942341,,,,
2026-01-14T01:08:26.464154+00:00,2.1727,2.167,0.005700000000000038,0.615,0.385,51,33,0.8591666666666666,-10.970203109942341,,,,
2026-01-14T01:08:27.464349+00:00,2.1719,2.167,0.0049000000000001265,0.595,0.405,51,32,0.8588888888888889,-10.970203109942341,,,,
2026-01-14T01:08:28.464935+00:00,2.1715,2.167,0.0045000000000001705,0.595,0.405,51,31,0.8586111111111111,-10.970203109942341,,,,
2026-01-14T01:08:29.465207+00:00,2.1715,2.167,0.0045000000000001705,0.595,0.405,51,30,0.8583333333333333,-10.970203109942341,,,,
2026-01-14T01:08:30.465295+00:00,2.1716,2.167,0.0046000000000003816,0.595,0.405,51,29,0.8580555555555556,-10.949602280720486,-9.711871929184314,,,
2026-01-14T01:08:31.465616+00:00,2.1715,2.167,0.0045000000000001705,0.59,0.41,51,28,0.8577777777777778,-10.949602280720486,-9.711871929184314,,,
2026-01-14T01:08:32.466024+00:00,2.1716,2.167,0.0046000000000003816,0.59,0.41,51,27,0.8575,-10.949602280720486,-9.711871929184314,,,
2026-01-14T01:08:33.466429+00:00,2.1711,2.167,0.004100000000000215,0.59,0.41,51,26,0.8572222222222222,-10.949602280720486,-9.711871929184314,,,
2026-01-14T01:08:34.466803+00:00,2.1711,2.167,0.004100000000000215,0.585,0.415,51,25,0.8569444444444444,-10.949602280720486,-9.711871929184314,,,
2026-01-14T01:08:35.467230+00:00,2.1709,2.167,0.0039000000000002366,0.58,0.42,51,24,0.8566666666666667,-10.992991269127062,-9.710720177555432,,,
2026-01-14T01:08:36.467637+00:00,2.1707,2.167,0.0037000000000002586,0.58,0.42,51,23,0.8563888888888889,-10.992991269127062,-9.710720177555432,,,
2026-01-14T01:08:37.467829+00:00,2.1706,2.167,0.0036000000000000476,0.57,0.425,51,22,0.8561111111111112,-10.992991269127062,-9.710720177555432,,,
2026-01-14T01:08:38.468028+00:00,2.1706,2.167,0.0036000000000000476,0.58,0.42,51,21,0.8558333333333333,-10.992991269127062,-9.710720177555432,,,
2026-01-14T01:08:39.468522+00:00,2.1706,2.167,0.0036000000000000476,0.58,0.425,51,20,0.8555555555555555,-10.992991269127062,-9.710720177555432,,,
2026-01-14T01:08:40.468706+00:00,2.1706,2.167,0.0036000000000000476,0.58,0.425,51,19,0.8552777777777778,-10.99805394131287,-9.71128538893987,,,
2026-01-14T01:08:41.468899+00:00,2.1708,2.167,0.0038000000000000256,0.575,0.425,51,18,0.855,-10.99805394131287,-9.71128538893987,,,
2026-01-14T01:08:42.469175+00:00,2.1712,2.167,0.0041999999999999815,0.575,0.425,51,17,0.8547222222222223,-10.99805394131287,-9.71128538893987,,,
2026-01-14T01:08:43.469499+00:00,2.1714,2.167,0.004400000000000404,0.59,0.41,51,16,0.8544444444444445,-10.99805394131287,-9.71128538893987,,,
2026-01-14T01:08:44.469607+00:00,2.1713,2.167,0.0043000000000001926,0.59,0.41,51,15,0.8541666666666666,-10.99805394131287,-9.71128538893987,,,
2026-01-14T01:08:45.469883+00:00,2.1712,2.167,0.0041999999999999815,0.59,0.41,51,14,0.8538888888888889,-10.99400501443721,-9.71034225789753,,,
2026-01-14T01:08:46.470150+00:00,2.1713,2.167,0.0043000000000001926,0.59,0.41,51,13,0.8536111111111111,-10.99400501443721,-9.71034225789753,,,
2026-01-14T01:08:47.470263+00:00,2.1713,2.167,0.0043000000000001926,0.59,0.41,51,12,0.8533333333333334,-10.99400501443721,-9.71034225789753,,,
2026-01-14T01:08:48.470752+00:00,2.1711,2.167,0.004100000000000215,0.58,0.42,51,11,0.8530555555555556,-10.99400501443721,-9.71034225789753,,,
2026-01-14T01:08:49.470936+00:00,2.1708,2.167,0.0038000000000000256,0.57,0.42,51,10,0.8527777777777777,-10.99400501443721,-9.71034225789753,,,
2026-01-14T01:08:50.471136+00:00,2.1708,2.167,0.0038000000000000256,0.575,0.42,51,9,0.8525,-10.99249133083835,-9.711049228261974,,,
2026-01-14T01:08:51.471795+00:00,2.171,2.167,0.0040000000000000036,0.58,0.42,51,8,0.8522222222222222,-10.99249133083835,-9.711049228261974,,,
2026-01-14T01:08:52.471984+00:00,2.1709,2.167,0.0039000000000002366,0.58,0.42,51,7,0.8519444444444444,-10.99249133083835,-9.711049228261974,,,
2026-01-14T01:08:53.472265+00:00,2.1708,2.167,0.0038000000000000256,0.58,0.42,51,6,0.8516666666666667,-10.99249133083835,-9.711049228261974,,,
2026-01-14T01:08:54.472821+00:00,2.1708,2.167,0.0038000000000000256,0.58,0.425,51,5,0.8513888888888889,-10.99249133083835,-9.711049228261974,,,
2026-01-14T01:08:55.472918+00:00,2.1707,2.167,0.0037000000000002586,0.57,0.43,51,4,0.8511111111111112,-10.992870089316936,-9.71101421537909,,,
2026-01-14T01:08:56.473031+00:00,2.1707,2.167,0.0037000000000002586,0.57,0.43,51,3,0.8508333333333333,-10.992870089316936,-9.71101421537909,,,
2026-01-14T01:08:57.473229+00:00,2.1706,2.167,0.0036000000000000476,0.57,0.43,51,2,0.8505555555555555,-10.992870089316936,-9.71101421537909,,,
2026-01-14T01:08:58.473427+00:00,2.1706,2.167,0.0036000000000000476,0.57,0.43,51,1,0.8502777777777778,-10.992870089316936,-9.71101421537909,,,
2026-01-14T01:08:59.473606+00:00,2.1699,2.167,0.0029000000000003467,0.565,0.435,51,0,0.85,-10.992870089316936,-9.71101421537909,,,
2026-01-14T01:09:00.474274+00:00,2.1698,2.167,0.0028000000000001357,0.56,0.44,50,59,0.8497222222222223,-10.985826422758327,-9.708496769999702,,,
2026-01-14T01:09:01.474540+00:00,2.1697,2.167,0.0027000000000003688,0.56,0.44,50,58,0.8494444444444444,-10.985826422758327,-9.708496769999702,,,
2026-01-14T01:09:02.474732+00:00,2.1698,2.167,0.0028000000000001357,0.56,0.44,50,57,0.8491666666666666,-10.985826422758327,-9.708496769999702,,,
2026-01-14T01:09:03.475127+00:00,2.1697,2.167,0.0027000000000003688,0.55,0.45,50,56,0.8488888888888889,-10.985826422758327,-9.708496769999702,,,
2026-01-14T01:09:04.475325+00:00,2.1697,2.167,0.0027000000000003688,0.55,0.45,50,55,0.8486111111111111,-10.985826422758327,-9.708496769999702,,,
2026-01-14T01:57:09.432140+00:00,2.176,2.1671,0.00890000000000013,0.995,0.005,2,50,0.04722222222222222,,,,,
2026-01-14T01:57:10.432496+00:00,2.176,2.1671,0.00890000000000013,0.995,0.005,2,49,0.04694444444444444,,,,,
2026-01-14T01:57:11.432838+00:00,2.1759,2.1671,0.008799999999999919,0.995,0.005,2,48,0.04666666666666667,,,,,
2026-01-14T01:57:12.433398+00:00,2.1759,2.1671,0.008799999999999919,0.995,0.005,2,47,0.04638888888888889,,,,,
2026-01-14T01:57:13.433468+00:00,2.1759,2.1671,0.008799999999999919,0.995,0.005,2,46,0.04611111111111111,,,,,
2026-01-14T01:57:14.433799+00:00,2.1759,2.1671,0.008799999999999919,0.995,0.005,2,45,0.04583333333333333,,,,,
2026-01-14T01:57:15.434390+00:00,2.1759,2.1671,0.008799999999999919,0.995,0.005,2,44,0.04555555555555556,,,,,
2026-01-14T01:57:16.434498+00:00,2.1759,2.1671,0.008799999999999919,0.995,0.005,2,43,0.04527777777777778,,,,,
2026-01-14T01:57:17.434525+00:00,2.1759,2.1671,0.008799999999999919,0.995,0.005,2,42,0.045,,,,,
2026-01-14T01:57:18.435015+00:00,2.1757,2.1671,0.008599999999999941,0.995,0.005,2,41,0.04472222222222222,,,,,
2026-01-14T01:57:19.435192+00:00,2.1757,2.1671,0.008599999999999941,0.995,0.005,2,40,0.044444444444444446,,,,,
2026-01-14T01:57:20.436386+00:00,2.1757,2.1671,0.008599999999999941,0.995,0.005,2,39,0.04416666666666667,,,,,
2026-01-14T01:57:21.436871+00:00,2.1758,2.1671,0.008700000000000152,0.995,0.005,2,38,0.04388888888888889,,,,,
2026-01-14T01:57:22.437369+00:00,2.1758,2.1671,0.008700000000000152,0.995,0.005,2,37,0.043611111111111114,,,,,
2026-01-14T01:57:23.437617+00:00,2.1758,2.1671,0.008700000000000152,0.995,0.005,2,36,0.043333333333333335,,,,,
2026-01-14T01:57:24.437810+00:00,2.1758,2.1671,0.008700000000000152,0.995,0.005,2,35,0.043055555555555555,,,,,
2026-01-14T01:57:25.437995+00:00,2.1758,2.1671,0.008700000000000152,0.995,0.005,2,34,0.042777777777777776,,,,,
2026-01-14T01:57:26.438188+00:00,2.1758,2.1671,0.008700000000000152,0.994,0.006,2,33,0.0425,,,,,
2026-01-14T01:57:27.438974+00:00,2.1757,2.1671,0.008599999999999941,0.994,0.006,2,32,0.042222222222222223,,,,,
2026-01-14T01:57:28.439637+00:00,2.1757,2.1671,0.008599999999999941,0.994,0.006,2,31,0.041944444444444444,,,,,
2026-01-14T01:57:29.440038+00:00,2.1757,2.1671,0.008599999999999941,0.994,0.006,2,30,0.041666666666666664,,,,,
2026-01-14T01:57:30.440232+00:00,2.1758,2.1671,0.008700000000000152,0.994,0.006,2,29,0.04138888888888889,,,,,
2026-01-14T01:57:31.440632+00:00,2.1758,2.1671,0.008700000000000152,0.994,0.006,2,28,0.04111111111111111,,,,,
2026-01-14T01:57:32.441234+00:00,2.1758,2.1671,0.008700000000000152,0.994,0.006,2,27,0.04083333333333333,,,,,
2026-01-14T01:57:33.441957+00:00,2.1758,2.1671,0.008700000000000152,0.994,0.006,2,26,0.04055555555555555,,,,,
2026-01-14T01:57:34.442151+00:00,2.1758,2.1671,0.008700000000000152,0.994,0.006,2,25,0.04027777777777778,,,,,
2026-01-14T01:57:35.442369+00:00,2.1755,2.1671,0.008399999999999963,0.994,0.006,2,24,0.04,,,,,
2026-01-14T01:57:36.442638+00:00,2.1754,2.1671,0.008299999999999752,0.994,0.006,2,23,0.03972222222222222,,,,,
2026-01-14T01:57:37.442901+00:00,2.1755,2.1671,0.008399999999999963,0.994,0.006,2,22,0.03944444444444444,,,,,
2026-01-14T01:57:38.442973+00:00,2.1755,2.1671,0.008399999999999963,0.994,0.006,2,21,0.03916666666666667,,,,,
2026-01-14T01:57:39.443313+00:00,2.1755,2.1671,0.008399999999999963,0.994,0.006,2,20,0.03888888888888889,,,,,
2026-01-14T01:57:40.443496+00:00,2.1754,2.1671,0.008299999999999752,0.994,0.006,2,19,0.03861111111111111,,,,,
2026-01-14T01:57:41.443695+00:00,2.1758,2.1671,0.008700000000000152,0.994,0.006,2,18,0.03833333333333333,,,,,
2026-01-14T01:57:42.443936+00:00,2.1754,2.1671,0.008299999999999752,0.994,0.006,2,17,0.03805555555555556,,,,,
2026-01-14T01:57:43.444082+00:00,2.1754,2.1671,0.008299999999999752,0.994,0.006,2,16,0.03777777777777778,,,,,
2026-01-14T01:57:44.444271+00:00,2.1754,2.1671,0.008299999999999752,0.994,0.006,2,15,0.0375,,,,,
2026-01-14T01:57:45.444623+00:00,2.1755,2.1671,0.008399999999999963,0.994,0.006,2,14,0.03722222222222222,,,,,
2026-01-14T01:57:46.445241+00:00,2.1755,2.1671,0.008399999999999963,0.994,0.006,2,13,0.036944444444444446,,,,,
2026-01-14T01:57:47.445635+00:00,2.1755,2.1671,0.008399999999999963,0.994,0.006,2,12,0.03666666666666667,,,,,
2026-01-14T01:57:48.445830+00:00,2.1754,2.1671,0.008299999999999752,0.994,0.006,2,11,0.03638888888888889,,,,,
2026-01-14T01:57:49.445921+00:00,2.1754,2.1671,0.008299999999999752,0.994,0.006,2,10,0.03611111111111111,,,,,
2026-01-14T01:57:50.446264+00:00,2.1754,2.1671,0.008299999999999752,0.994,0.006,2,9,0.035833333333333335,,,,,
2026-01-14T01:57:51.446458+00:00,2.1754,2.1671,0.008299999999999752,0.994,0.006,2,8,0.035555555555555556,,,,,
2026-01-14T01:57:52.446648+00:00,2.175,2.1671,0.007899999999999796,0.994,0.006,2,7,0.035277777777777776,,,,,
2026-01-14T01:57:53.447041+00:00,2.175,2.1671,0.007899999999999796,0.994,0.006,2,6,0.035,,,,,
2026-01-14T01:57:54.447577+00:00,2.1755,2.1671,0.008399999999999963,0.994,0.006,2,5,0.034722222222222224,,,,,
2026-01-14T01:57:55.655504+00:00,2.1755,2.1671,0.008399999999999963,0.994,0.006,2,4,0.034444444444444444,,,,,
2026-01-14T01:57:56.655881+00:00,2.1755,2.1671,0.008399999999999963,0.994,0.006,2,3,0.034166666666666665,,,,,
2026-01-14T01:57:57.656280+00:00,2.1755,2.1671,0.008399999999999963,0.994,0.006,2,2,0.03388888888888889,,,,,
2026-01-14T01:57:58.656481+00:00,2.1755,2.1671,0.008399999999999963,0.994,0.006,2,1,0.03361111111111111,,,,,
2026-01-14T01:57:59.656918+00:00,2.1752,2.1671,0.008099999999999774,0.994,0.006,2,0,0.03333333333333333,,,,,
2026-01-14T01:58:00.657057+00:00,2.1753,2.1671,0.008199999999999985,0.994,0.006,1,59,0.03305555555555555,,,,,
2026-01-14T01:58:01.657711+00:00,2.1753,2.1671,0.008199999999999985,0.994,0.006,1,58,0.03277777777777778,,,,,
2026-01-14T01:58:02.658015+00:00,2.1753,2.1671,0.008199999999999985,0.994,0.006,1,57,0.0325,,,,,
2026-01-14T01:58:03.658105+00:00,2.1752,2.1671,0.008099999999999774,0.994,0.006,1,56,0.03222222222222222,,,,,
2026-01-14T01:58:04.658453+00:00,2.1752,2.1671,0.008099999999999774,0.994,0.006,1,55,0.03194444444444444,,,,,
2026-01-14T01:58:05.659137+00:00,2.1752,2.1671,0.008099999999999774,0.994,0.006,1,54,0.03166666666666667,,,,,
2026-01-14T01:58:06.659530+00:00,2.1752,2.1671,0.008099999999999774,0.994,0.006,1,53,0.03138888888888889,,,,,
2026-01-14T01:58:07.659723+00:00,2.1752,2.1671,0.008099999999999774,0.994,0.006,1,52,0.03111111111111111,,,,,
2026-01-14T01:58:08.852059+00:00,2.1753,2.1671,0.008199999999999985,0.994,0.006,1,51,0.030833333333333334,,,,,
2026-01-14T01:58:09.537282+00:00,2.1752,2.1671,0.008099999999999774,0.994,0.006,1,50,0.030555555555555555,,,,,
2026-01-14T01:58:10.537352+00:00,2.1752,2.1671,0.008099999999999774,0.994,0.006,1,49,0.03027777777777778,,,,,
2026-01-14T01:58:11.537539+00:00,2.1752,2.1671,0.008099999999999774,0.994,0.006,1,48,0.03,,,,,
2026-01-14T01:58:12.538521+00:00,2.1752,2.1671,0.008099999999999774,0.994,0.006,1,47,0.029722222222222223,,,,,
2026-01-14T01:58:13.538941+00:00,2.1752,2.1671,0.008099999999999774,0.994,0.006,1,46,0.029444444444444443,,,,,
2026-01-14T01:58:14.539131+00:00,2.1752,2.1671,0.008099999999999774,0.994,0.006,1,45,0.029166666666666667,,,,,
2026-01-14T01:58:15.539444+00:00,2.1752,2.1671,0.008099999999999774,0.994,0.006,1,44,0.028888888888888888,,,,,
2026-01-14T01:58:16.539624+00:00,2.1752,2.1671,0.008099999999999774,0.994,0.006,1,43,0.02861111111111111,,,,,
2026-01-14T01:58:17.539944+00:00,2.1752,2.1671,0.008099999999999774,0.994,0.006,1,42,0.028333333333333332,,,,,
2026-01-14T01:58:18.540255+00:00,2.1753,2.1671,0.008199999999999985,0.994,0.006,1,41,0.028055555555555556,,,,,
2026-01-14T01:58:19.540394+00:00,2.1753,2.1671,0.008199999999999985,0.994,0.006,1,40,0.027777777777777776,,,,,
2026-01-14T01:58:20.540578+00:00,2.1752,2.1671,0.008099999999999774,0.994,0.006,1,39,0.0275,,,,,
2026-01-14T01:58:21.540936+00:00,2.1751,2.1671,0.008000000000000007,0.994,0.006,1,38,0.02722222222222222,,,,,
2026-01-14T01:58:22.541132+00:00,2.1751,2.1671,0.008000000000000007,0.994,0.006,1,37,0.026944444444444444,,,,,
2026-01-14T01:58:23.541328+00:00,2.1751,2.1671,0.008000000000000007,0.994,0.006,1,36,0.02666666666666667,,,,,
2026-01-14T01:58:24.541812+00:00,2.1751,2.1671,0.008000000000000007,0.994,0.006,1,35,0.02638888888888889,,,,,
2026-01-14T01:58:25.541966+00:00,2.175,2.1671,0.007899999999999796,0.994,0.006,1,34,0.026111111111111113,,,,,
2026-01-14T01:58:26.542219+00:00,2.175,2.1671,0.007899999999999796,0.994,0.006,1,33,0.025833333333333333,,,,,
2026-01-14T01:58:27.542629+00:00,2.1744,2.1671,0.007299999999999862,0.994,0.006,1,32,0.025555555555555557,,,,,
2026-01-14T01:58:28.542824+00:00,2.1744,2.1671,0.007299999999999862,0.994,0.006,1,31,0.025277777777777777,,,,,
2026-01-14T01:58:29.543213+00:00,2.1744,2.1671,0.007299999999999862,0.994,0.006,1,30,0.025,,,,,
2026-01-14T01:58:30.543362+00:00,2.1744,2.1671,0.007299999999999862,0.994,0.006,1,29,0.024722222222222222,,,,,
2026-01-14T01:58:31.543553+00:00,2.1744,2.1671,0.007299999999999862,0.994,0.006,1,28,0.024444444444444446,,,,,
2026-01-14T01:58:32.543631+00:00,2.1744,2.1671,0.007299999999999862,0.994,0.006,1,27,0.024166666666666666,,,,,
2026-01-14T01:58:33.544017+00:00,2.1745,2.1671,0.007400000000000073,0.994,0.006,1,26,0.02388888888888889,,,,,
2026-01-14T01:58:34.544245+00:00,2.1745,2.1671,0.007400000000000073,0.994,0.006,1,25,0.02361111111111111,,,,,
2026-01-14T01:58:35.544425+00:00,2.1745,2.1671,0.007400000000000073,0.994,0.006,1,24,0.023333333333333334,,,,,
2026-01-14T01:58:36.544462+00:00,2.1745,2.1671,0.007400000000000073,0.994,0.006,1,23,0.023055555555555555,,,,,
2026-01-14T01:58:37.544656+00:00,2.1745,2.1671,0.007400000000000073,0.994,0.006,1,22,0.02277777777777778,,,,,
2026-01-14T01:58:38.544851+00:00,2.1745,2.1671,0.007400000000000073,0.994,0.006,1,21,0.0225,,,,,
2026-01-14T01:58:39.545528+00:00,2.1745,2.1671,0.007400000000000073,0.994,0.006,1,20,0.022222222222222223,,,,,
2026-01-14T01:58:40.545690+00:00,2.1747,2.1671,0.007600000000000051,0.994,0.006,1,19,0.021944444444444444,,,,,
2026-01-14T01:58:41.545960+00:00,2.1749,2.1671,0.007800000000000029,0.994,0.006,1,18,0.021666666666666667,,,,,
2026-01-14T01:58:42.546443+00:00,2.1749,2.1671,0.007800000000000029,0.994,0.006,1,17,0.021388888888888888,,,,,
2026-01-14T01:58:43.546607+00:00,2.1749,2.1671,0.007800000000000029,0.994,0.006,1,16,0.021111111111111112,,,,,
2026-01-14T01:58:44.546882+00:00,2.1748,2.1671,0.007699999999999818,0.994,0.006,1,15,0.020833333333333332,,,,,
2026-01-14T01:58:45.547138+00:00,2.1748,2.1671,0.007699999999999818,0.994,0.006,1,14,0.020555555555555556,,,,,
2026-01-14T01:58:46.547332+00:00,2.1748,2.1671,0.007699999999999818,0.994,0.006,1,13,0.020277777777777777,,,,,
2026-01-14T01:58:47.547963+00:00,2.1748,2.1671,0.007699999999999818,0.994,0.006,1,12,0.02,,,,,
2026-01-14T01:58:48.548298+00:00,2.1748,2.1671,0.007699999999999818,0.994,0.006,1,11,0.01972222222222222,,,,,
2026-01-14T01:58:49.548490+00:00,2.1748,2.1671,0.007699999999999818,0.994,0.006,1,10,0.019444444444444445,,,,,
2026-01-14T01:58:50.548763+00:00,2.1748,2.1671,0.007699999999999818,0.994,0.006,1,9,0.019166666666666665,,,,,
2026-01-14T01:58:51.549062+00:00,2.1748,2.1671,0.007699999999999818,0.994,0.006,1,8,0.01888888888888889,,,,,
2026-01-14T01:58:52.549242+00:00,2.1748,2.1671,0.007699999999999818,0.994,0.006,1,7,0.01861111111111111,,,,,
2026-01-14T01:58:53.549429+00:00,2.1748,2.1671,0.007699999999999818,0.994,0.006,1,6,0.018333333333333333,,,,,
2026-01-14T01:58:54.549514+00:00,2.1748,2.1671,0.007699999999999818,0.994,0.006,1,5,0.018055555555555554,,,,,
2026-01-14T01:58:55.549757+00:00,2.1748,2.1671,0.007699999999999818,0.994,0.006,1,4,0.017777777777777778,,,,,
2026-01-14T01:58:56.549919+00:00,2.1748,2.1671,0.007699999999999818,0.994,0.006,1,3,0.0175,,,,,
2026-01-14T01:58:57.550498+00:00,2.1748,2.1671,0.007699999999999818,0.994,0.006,1,2,0.017222222222222222,,,,,
2026-01-14T01:58:58.550781+00:00,2.175,2.1671,0.007899999999999796,0.994,0.006,1,1,0.016944444444444446,,,,,
2026-01-14T01:58:59.551069+00:00,2.175,2.1671,0.007899999999999796,0.994,0.006,1,0,0.016666666666666666,,,,,
2026-01-14T01:59:00.551958+00:00,2.175,2.1671,0.007899999999999796,0.9975,0.0025,0,59,0.01638888888888889,,,,,
2026-01-14T01:59:01.552167+00:00,2.1749,2.1671,0.007800000000000029,0.9975,0.0025,0,58,0.01611111111111111,,,,,
2026-01-14T01:59:02.552328+00:00,2.1749,2.1671,0.007800000000000029,0.9975,0.0025,0,57,0.015833333333333335,,,,,
2026-01-14T01:59:03.552860+00:00,2.175,2.1671,0.007899999999999796,0.9975,0.0025,0,56,0.015555555555555555,,,,,
2026-01-14T01:59:04.553327+00:00,2.175,2.1671,0.007899999999999796,0.9975,0.0025,0,55,0.015277777777777777,,,,,
2026-01-14T01:59:05.553597+00:00,2.175,2.1671,0.007899999999999796,0.998,0.002,0,54,0.015,,,,,
2026-01-14T01:59:06.553719+00:00,2.175,2.1671,0.007899999999999796,0.998,0.002,0,53,0.014722222222222222,,,,,
2026-01-14T01:59:07.556764+00:00,2.175,2.1671,0.007899999999999796,0.998,0.002,0,52,0.014444444444444444,,,,,
2026-01-14T01:59:08.556955+00:00,2.1757,2.1671,0.008599999999999941,0.998,0.002,0,51,0.014166666666666666,,,,,
2026-01-14T01:59:09.870051+00:00,2.1749,2.1671,0.007800000000000029,0.998,0.002,0,50,0.013888888888888888,,,,,
2026-01-14T01:59:10.681439+00:00,2.1749,2.1671,0.007800000000000029,0.998,0.002,0,49,0.01361111111111111,,,,,
2026-01-14T01:59:11.681534+00:00,2.1749,2.1671,0.007800000000000029,0.998,0.002,0,48,0.013333333333333334,,,,,
2026-01-14T01:59:12.681916+00:00,2.1747,2.1671,0.007600000000000051,0.998,0.002,0,47,0.013055555555555556,,,,,
2026-01-14T01:59:13.682110+00:00,2.1748,2.1671,0.007699999999999818,0.998,0.002,0,46,0.012777777777777779,,,,,
2026-01-14T01:59:14.682471+00:00,2.1752,2.1671,0.008099999999999774,0.998,0.002,0,45,0.0125,,,,,
2026-01-14T01:59:15.682584+00:00,2.1751,2.1671,0.008000000000000007,0.998,0.002,0,44,0.012222222222222223,,,,,
2026-01-14T01:59:16.682703+00:00,2.1752,2.1671,0.008099999999999774,0.998,0.002,0,43,0.011944444444444445,,,,,
2026-01-14T01:59:17.683134+00:00,2.1752,2.1671,0.008099999999999774,0.998,0.002,0,42,0.011666666666666667,,,,,
2026-01-14T01:59:18.683566+00:00,2.1751,2.1671,0.008000000000000007,0.998,0.002,0,41,0.01138888888888889,,,,,
2026-01-14T01:59:19.683660+00:00,2.1751,2.1671,0.008000000000000007,0.998,0.002,0,40,0.011111111111111112,,,,,
2026-01-14T01:59:20.683961+00:00,2.1751,2.1671,0.008000000000000007,0.998,0.002,0,39,0.010833333333333334,,,,,
2026-01-14T01:59:21.684148+00:00,2.1752,2.1671,0.008099999999999774,0.998,0.002,0,38,0.010555555555555556,,,,,
2026-01-14T01:59:22.684446+00:00,2.1751,2.1671,0.008000000000000007,0.998,0.002,0,37,0.010277777777777778,,,,,
2026-01-14T01:59:23.684826+00:00,2.1751,2.1671,0.008000000000000007,0.998,0.002,0,36,0.01,,,,,
2026-01-14T01:59:24.684944+00:00,2.1751,2.1671,0.008000000000000007,0.998,0.002,0,35,0.009722222222222222,,,,,
2026-01-14T01:59:25.685222+00:00,2.1752,2.1671,0.008099999999999774,0.998,0.002,0,34,0.009444444444444445,,,,,
2026-01-14T01:59:26.685787+00:00,2.1752,2.1671,0.008099999999999774,0.998,0.002,0,33,0.009166666666666667,,,,,
2026-01-14T01:59:27.686438+00:00,2.1752,2.1671,0.008099999999999774,0.998,0.002,0,32,0.008888888888888889,,,,,
2026-01-14T01:59:28.686753+00:00,2.1751,2.1671,0.008000000000000007,0.998,0.002,0,31,0.008611111111111111,,,,,
2026-01-14T01:59:29.687307+00:00,2.1755,2.1671,0.008399999999999963,0.998,0.002,0,30,0.008333333333333333,,,,,
2026-01-14T01:59:30.687478+00:00,2.1754,2.1671,0.008299999999999752,0.998,0.002,0,29,0.008055555555555555,,,,,
2026-01-14T01:59:31.687872+00:00,2.1754,2.1671,0.008299999999999752,0.998,0.002,0,28,0.0077777777777777776,,,,,
2026-01-14T01:59:32.688419+00:00,2.1754,2.1671,0.008299999999999752,0.998,0.002,0,27,0.0075,,,,,
2026-01-14T01:59:33.688785+00:00,2.1754,2.1671,0.008299999999999752,0.998,0.002,0,26,0.007222222222222222,,,,,
2026-01-14T01:59:34.689480+00:00,2.1754,2.1671,0.008299999999999752,0.998,0.002,0,25,0.006944444444444444,,,,,
2026-01-14T01:59:35.689670+00:00,2.1754,2.1671,0.008299999999999752,0.998,0.002,0,24,0.006666666666666667,,,,,
2026-01-14T01:59:36.689851+00:00,2.1754,2.1671,0.008299999999999752,0.998,0.002,0,23,0.006388888888888889,,,,,
2026-01-14T01:59:37.690044+00:00,2.1754,2.1671,0.008299999999999752,0.998,0.002,0,22,0.006111111111111111,,,,,
2026-01-14T01:59:38.690136+00:00,2.1754,2.1671,0.008299999999999752,0.9965,0.0035,0,21,0.005833333333333334,,,,,
2026-01-14T01:59:39.690335+00:00,2.1754,2.1671,0.008299999999999752,0.9965,0.0035,0,20,0.005555555555555556,,,,,
2026-01-14T01:59:40.690650+00:00,2.1754,2.1671,0.008299999999999752,0.9965,0.0035,0,19,0.005277777777777778,,,,,
2026-01-14T01:59:41.691038+00:00,2.1755,2.1671,0.008399999999999963,0.9965,0.0035,0,18,0.005,,,,,
2026-01-14T01:59:42.691156+00:00,2.1757,2.1671,0.008599999999999941,0.9965,0.0035,0,17,0.004722222222222222,,,,,
2026-01-14T01:59:43.691362+00:00,2.1754,2.1671,0.008299999999999752,0.9965,0.0035,0,16,0.0044444444444444444,,,,,
2026-01-14T01:59:44.691648+00:00,2.1754,2.1671,0.008299999999999752,0.9965,0.0035,0,15,0.004166666666666667,,,,,
2026-01-14T01:59:45.692229+00:00,2.1749,2.1671,0.007800000000000029,0.9965,0.0035,0,14,0.0038888888888888888,,,,,
2026-01-14T01:59:46.692410+00:00,2.1749,2.1671,0.007800000000000029,0.9965,0.0035,0,13,0.003611111111111111,,,,,
2026-01-14T01:59:47.692607+00:00,2.1749,2.1671,0.007800000000000029,0.9965,0.0035,0,12,0.0033333333333333335,,,,,
2026-01-14T01:59:48.692802+00:00,2.175,2.1671,0.007899999999999796,0.9965,0.0035,0,11,0.0030555555555555557,,,,,
2026-01-14T01:59:49.692997+00:00,2.1749,2.1671,0.007800000000000029,0.9965,0.0035,0,10,0.002777777777777778,,,,,
2026-01-14T01:59:50.693191+00:00,2.175,2.1671,0.007899999999999796,0.9965,0.0035,0,9,0.0025,,,,,
2026-01-14T01:59:51.693468+00:00,2.175,2.1671,0.007899999999999796,0.9995,0.0005,0,8,0.0022222222222222222,,,,,
2026-01-14T01:59:52.693968+00:00,2.175,2.1671,0.007899999999999796,0.9995,0.0005,0,7,0.0019444444444444444,,,,,
2026-01-14T01:59:53.694157+00:00,2.175,2.1671,0.007899999999999796,0.9995,0.0005,0,6,0.0016666666666666668,,,,,
2026-01-14T01:59:54.694352+00:00,2.175,2.1671,0.007899999999999796,0.9995,0.0005,0,5,0.001388888888888889,,,,,
2026-01-14T01:59:55.695016+00:00,2.1749,2.1671,0.007800000000000029,0.9995,0.0005,0,4,0.0011111111111111111,,,,,
2026-01-14T01:59:56.695626+00:00,2.1749,2.1671,0.007800000000000029,0.9995,0.0005,0,3,0.0008333333333333334,,,,,
2026-01-14T01:59:57.695816+00:00,2.1749,2.1671,0.007800000000000029,0.9995,0.0005,0,2,0.0005555555555555556,,,,,
2026-01-14T01:59:58.696005+00:00,2.1749,2.1671,0.007800000000000029,0.9995,0.0005,0,1,0.0002777777777777778,,,,,
2026-01-14T01:59:59.696136+00:00,2.1749,2.1671,0.007800000000000029,0.9995,0.0005,0,0,0.0,,,,,
