ts_utc,price,strike,diff,yes_mid,no_mid,minutes_left,seconds_left
2026-01-13T08:50:57.248327+00:00,2.0686,2.0533,0.01529999999999987,0.9945,0.0055,9,2
2026-01-13T08:50:58.248767+00:00,2.0685,2.0533,0.015199999999999658,0.9945,0.0055,9,1
2026-01-13T08:50:59.248823+00:00,2.0686,2.0533,0.01529999999999987,0.9945,0.0055,9,0
2026-01-13T08:51:00.249219+00:00,2.0686,2.0533,0.01529999999999987,0.9945,0.0055,8,59
2026-01-13T08:51:01.249621+00:00,2.0686,2.0533,0.01529999999999987,0.9945,0.0055,8,58
2026-01-13T08:51:02.249997+00:00,2.0687,2.0533,0.01540000000000008,0.9945,0.0055,8,57
2026-01-13T08:51:03.250313+00:00,2.0688,2.0533,0.015499999999999847,0.9945,0.0055,8,56
2026-01-13T08:51:04.250362+00:00,2.0688,2.0533,0.015499999999999847,0.9945,0.0055,8,55
2026-01-13T08:51:05.250842+00:00,2.0688,2.0533,0.015499999999999847,0.9945,0.0055,8,54
2026-01-13T08:51:06.250910+00:00,2.0688,2.0533,0.015499999999999847,0.9945,0.0055,8,53
2026-01-13T08:51:07.251173+00:00,2.0688,2.0533,0.015499999999999847,0.9945,0.0055,8,52
2026-01-13T08:51:08.251356+00:00,2.0688,2.0533,0.015499999999999847,0.9945,0.0055,8,51
2026-01-13T08:51:09.251817+00:00,2.0688,2.0533,0.015499999999999847,0.9945,0.0055,8,50
2026-01-13T08:51:10.252193+00:00,2.0688,2.0533,0.015499999999999847,0.9945,0.0055,8,49
2026-01-13T08:51:11.252424+00:00,2.0688,2.0533,0.015499999999999847,0.9945,0.0055,8,48
2026-01-13T08:51:12.252674+00:00,2.0688,2.0533,0.015499999999999847,0.9945,0.0055,8,47
2026-01-13T08:51:13.252789+00:00,2.0688,2.0533,0.015499999999999847,0.9945,0.0055,8,46
2026-01-13T08:51:14.252878+00:00,2.0687,2.0533,0.01540000000000008,0.9945,0.0055,8,45
2026-01-13T08:51:15.252998+00:00,2.0687,2.0533,0.01540000000000008,0.9945,0.0055,8,44
2026-01-13T08:51:16.253117+00:00,2.0688,2.0533,0.015499999999999847,0.9945,0.0055,8,43
2026-01-13T08:51:17.253305+00:00,2.0688,2.0533,0.015499999999999847,0.9945,0.0055,8,42
2026-01-13T08:51:18.253417+00:00,2.0687,2.0533,0.01540000000000008,0.9945,0.0055,8,41
2026-01-13T08:51:19.253876+00:00,2.0687,2.0533,0.01540000000000008,0.9945,0.0055,8,40
2026-01-13T08:51:20.254226+00:00,2.0686,2.0533,0.01529999999999987,0.9945,0.0055,8,39
2026-01-13T08:51:21.254446+00:00,2.0685,2.0533,0.015199999999999658,0.9945,0.0055,8,38
2026-01-13T08:51:22.254770+00:00,2.0686,2.0533,0.01529999999999987,0.9945,0.0055,8,37
2026-01-13T08:51:23.254922+00:00,2.0685,2.0533,0.015199999999999658,0.9945,0.0055,8,36
2026-01-13T08:51:24.255326+00:00,2.0685,2.0533,0.015199999999999658,0.9945,0.0055,8,35
2026-01-13T08:51:25.255491+00:00,2.0685,2.0533,0.015199999999999658,0.9945,0.0055,8,34
2026-01-13T08:51:26.255700+00:00,2.0686,2.0533,0.01529999999999987,0.9945,0.0055,8,33
2026-01-13T08:51:27.255723+00:00,2.0686,2.0533,0.01529999999999987,0.9945,0.0055,8,32
2026-01-13T08:51:28.256100+00:00,2.0685,2.0533,0.015199999999999658,0.9945,0.0055,8,31
2026-01-13T08:51:29.256229+00:00,2.0685,2.0533,0.015199999999999658,0.9945,0.0055,8,30
2026-01-13T08:51:30.256426+00:00,2.0686,2.0533,0.01529999999999987,0.9945,0.0055,8,29
2026-01-13T08:51:31.256612+00:00,2.0685,2.0533,0.015199999999999658,0.9945,0.0055,8,28
2026-01-13T08:51:32.257103+00:00,2.0685,2.0533,0.015199999999999658,0.9945,0.0055,8,27
2026-01-13T08:51:33.257285+00:00,2.069,2.0533,0.015699999999999825,0.9945,0.0055,8,26
2026-01-13T08:51:34.257524+00:00,2.069,2.0533,0.015699999999999825,0.9945,0.0055,8,25
2026-01-13T08:51:35.257593+00:00,2.0691,2.0533,0.015800000000000036,0.9945,0.0055,8,24
2026-01-13T08:51:36.257860+00:00,2.0691,2.0533,0.015800000000000036,0.9945,0.0055,8,23
2026-01-13T08:51:37.258271+00:00,2.069,2.0533,0.015699999999999825,0.9945,0.0055,8,22
2026-01-13T08:51:38.258647+00:00,2.069,2.0533,0.015699999999999825,0.9945,0.0055,8,21
2026-01-13T08:51:39.258693+00:00,2.069,2.0533,0.015699999999999825,0.9945,0.0055,8,20
2026-01-13T08:51:40.258892+00:00,2.069,2.0533,0.015699999999999825,0.9945,0.0055,8,19
2026-01-13T08:51:41.259361+00:00,2.069,2.0533,0.015699999999999825,0.9945,0.0055,8,18
2026-01-13T08:51:42.259422+00:00,2.069,2.0533,0.015699999999999825,0.9945,0.0055,8,17
2026-01-13T08:51:43.259689+00:00,2.069,2.0533,0.015699999999999825,0.9945,0.0055,8,16
2026-01-13T08:51:44.260024+00:00,2.069,2.0533,0.015699999999999825,0.9945,0.0055,8,15
2026-01-13T08:51:45.260312+00:00,2.069,2.0533,0.015699999999999825,0.9945,0.0055,8,14
2026-01-13T08:51:46.260478+00:00,2.069,2.0533,0.015699999999999825,0.9945,0.0055,8,13
2026-01-13T08:51:47.260998+00:00,2.069,2.0533,0.015699999999999825,0.9945,0.0055,8,12
2026-01-13T08:51:48.261360+00:00,2.0687,2.0533,0.01540000000000008,0.9945,0.0055,8,11
2026-01-13T08:51:49.261723+00:00,2.0687,2.0533,0.01540000000000008,0.9945,0.0055,8,10
2026-01-13T08:51:50.262225+00:00,2.0686,2.0533,0.01529999999999987,0.9945,0.0055,8,9
2026-01-13T08:51:51.262399+00:00,2.0686,2.0533,0.01529999999999987,0.9945,0.0055,8,8
2026-01-13T08:51:52.262483+00:00,2.0686,2.0533,0.01529999999999987,0.9945,0.0055,8,7
2026-01-13T08:51:53.262589+00:00,2.0683,2.0533,0.01499999999999968,0.9945,0.0055,8,6
2026-01-13T08:51:54.262957+00:00,2.0677,2.0533,0.014399999999999746,0.9945,0.0055,8,5
2026-01-13T08:51:55.263064+00:00,2.0677,2.0533,0.014399999999999746,0.9945,0.0055,8,4
2026-01-13T08:51:56.499012+00:00,2.0677,2.0533,0.014399999999999746,0.9945,0.0055,8,3
2026-01-13T08:51:57.269483+00:00,2.0677,2.0533,0.014399999999999746,0.9945,0.0055,8,2
2026-01-13T08:51:58.269989+00:00,2.0676,2.0533,0.01429999999999998,0.9945,0.0055,8,1
2026-01-13T08:51:59.270076+00:00,2.0677,2.0533,0.014399999999999746,0.9945,0.0055,8,0
2026-01-13T08:52:00.270173+00:00,2.0676,2.0533,0.01429999999999998,0.9945,0.0055,7,59
2026-01-13T08:52:01.270563+00:00,2.068,2.0533,0.014699999999999935,0.9945,0.0055,7,58
2026-01-13T08:52:02.271043+00:00,2.0681,2.0533,0.014799999999999702,0.9945,0.0055,7,57
2026-01-13T08:52:03.271573+00:00,2.068,2.0533,0.014699999999999935,0.9945,0.0055,7,56
2026-01-13T08:52:04.272075+00:00,2.068,2.0533,0.014699999999999935,0.9945,0.0055,7,55
2026-01-13T08:52:05.272391+00:00,2.0683,2.0533,0.01499999999999968,0.9945,0.0055,7,54
2026-01-13T08:52:06.272790+00:00,2.0683,2.0533,0.01499999999999968,0.9945,0.0055,7,53
2026-01-13T08:52:07.273261+00:00,2.0684,2.0533,0.015099999999999891,0.9945,0.0055,7,52
2026-01-13T08:52:08.273407+00:00,2.0684,2.0533,0.015099999999999891,0.9945,0.0055,7,51
2026-01-13T08:52:09.273625+00:00,2.0684,2.0533,0.015099999999999891,0.9945,0.0055,7,50
2026-01-13T08:52:10.273749+00:00,2.0684,2.0533,0.015099999999999891,0.9945,0.0055,7,49
2026-01-13T08:52:11.273950+00:00,2.0684,2.0533,0.015099999999999891,0.9945,0.0055,7,48
2026-01-13T08:52:12.274046+00:00,2.0684,2.0533,0.015099999999999891,0.9945,0.0055,7,47
2026-01-13T08:52:13.274337+00:00,2.0683,2.0533,0.01499999999999968,0.9945,0.0055,7,46
2026-01-13T08:52:14.274843+00:00,2.0684,2.0533,0.015099999999999891,0.9945,0.0055,7,45
2026-01-13T08:52:15.275232+00:00,2.0684,2.0533,0.015099999999999891,0.9945,0.0055,7,44
2026-01-13T08:52:16.275551+00:00,2.0684,2.0533,0.015099999999999891,0.9945,0.0055,7,43
2026-01-13T08:52:17.276041+00:00,2.0683,2.0533,0.01499999999999968,0.9945,0.0055,7,42
2026-01-13T08:52:18.276243+00:00,2.0683,2.0533,0.01499999999999968,0.9945,0.0055,7,41
2026-01-13T08:52:19.276682+00:00,2.0684,2.0533,0.015099999999999891,0.9945,0.0055,7,40
2026-01-13T08:52:20.276822+00:00,2.0683,2.0533,0.01499999999999968,0.9945,0.0055,7,39
2026-01-13T08:52:21.277274+00:00,2.0683,2.0533,0.01499999999999968,0.9945,0.0055,7,38
2026-01-13T08:52:22.277734+00:00,2.0683,2.0533,0.01499999999999968,0.9945,0.0055,7,37
2026-01-13T08:52:23.277775+00:00,2.0682,2.0533,0.014899999999999913,0.9945,0.0055,7,36
2026-01-13T08:52:24.277832+00:00,2.0683,2.0533,0.01499999999999968,0.9945,0.0055,7,35
2026-01-13T08:52:25.278089+00:00,2.0683,2.0533,0.01499999999999968,0.9945,0.0055,7,34
2026-01-13T08:52:26.278120+00:00,2.0683,2.0533,0.01499999999999968,0.9945,0.0055,7,33
2026-01-13T08:52:27.278169+00:00,2.0683,2.0533,0.01499999999999968,0.9945,0.0055,7,32
2026-01-13T08:52:28.278337+00:00,2.0683,2.0533,0.01499999999999968,0.9945,0.0055,7,31
2026-01-13T08:52:29.278464+00:00,2.0682,2.0533,0.014899999999999913,0.9945,0.0055,7,30
2026-01-13T08:52:30.278748+00:00,2.0681,2.0533,0.014799999999999702,0.9945,0.0055,7,29
2026-01-13T08:52:31.279084+00:00,2.0681,2.0533,0.014799999999999702,0.9945,0.0055,7,28
2026-01-13T08:52:32.279542+00:00,2.0681,2.0533,0.014799999999999702,0.9945,0.0055,7,27
2026-01-13T08:52:33.279760+00:00,2.0681,2.0533,0.014799999999999702,0.9945,0.0055,7,26
2026-01-13T08:52:34.279875+00:00,2.0682,2.0533,0.014899999999999913,0.9945,0.0055,7,25
2026-01-13T08:52:35.280287+00:00,2.0682,2.0533,0.014899999999999913,0.9945,0.0055,7,24
2026-01-13T08:52:36.280468+00:00,2.0682,2.0533,0.014899999999999913,0.9945,0.0055,7,23
2026-01-13T08:52:37.280780+00:00,2.0683,2.0533,0.01499999999999968,0.9945,0.0055,7,22
2026-01-13T08:52:38.281193+00:00,2.0683,2.0533,0.01499999999999968,0.9945,0.0055,7,21
2026-01-13T08:52:39.281526+00:00,2.0683,2.0533,0.01499999999999968,0.9945,0.0055,7,20
2026-01-13T08:52:40.282019+00:00,2.0683,2.0533,0.01499999999999968,0.9945,0.0055,7,19
2026-01-13T08:52:41.282517+00:00,2.0683,2.0533,0.01499999999999968,0.9945,0.0055,7,18
2026-01-13T08:52:42.282968+00:00,2.0683,2.0533,0.01499999999999968,0.9945,0.0055,7,17
2026-01-13T08:52:43.283382+00:00,2.0685,2.0533,0.015199999999999658,0.9945,0.0055,7,16
2026-01-13T08:52:44.283618+00:00,2.0685,2.0533,0.015199999999999658,0.9945,0.0055,7,15
2026-01-13T08:52:45.283726+00:00,2.0685,2.0533,0.015199999999999658,0.9945,0.0055,7,14
2026-01-13T08:52:46.283770+00:00,2.0684,2.0533,0.015099999999999891,0.9945,0.0055,7,13
2026-01-13T08:52:47.284138+00:00,2.0684,2.0533,0.015099999999999891,0.9945,0.0055,7,12
2026-01-13T08:52:48.284488+00:00,2.0684,2.0533,0.015099999999999891,0.9945,0.0055,7,11
2026-01-13T08:52:49.285011+00:00,2.0684,2.0533,0.015099999999999891,0.9945,0.0055,7,10
2026-01-13T08:52:50.285349+00:00,2.0685,2.0533,0.015199999999999658,0.9945,0.0055,7,9
2026-01-13T08:52:51.285372+00:00,2.0685,2.0533,0.015199999999999658,0.9945,0.0055,7,8
2026-01-13T08:52:52.285450+00:00,2.0684,2.0533,0.015099999999999891,0.9945,0.0055,7,7
2026-01-13T08:52:53.285622+00:00,2.0683,2.0533,0.01499999999999968,0.9945,0.0055,7,6
2026-01-13T08:52:54.285894+00:00,2.0682,2.0533,0.014899999999999913,0.9945,0.0055,7,5
2026-01-13T08:52:55.286188+00:00,2.0682,2.0533,0.014899999999999913,0.9945,0.0055,7,4
2026-01-13T08:52:56.286476+00:00,2.068,2.0533,0.014699999999999935,0.9945,0.0055,7,3
2026-01-13T08:52:57.518007+00:00,2.068,2.0533,0.014699999999999935,0.9945,0.0055,7,2
2026-01-13T08:52:58.290011+00:00,2.068,2.0533,0.014699999999999935,0.9945,0.0055,7,1
2026-01-13T08:52:59.290524+00:00,2.068,2.0533,0.014699999999999935,0.9945,0.0055,7,0
2026-01-13T08:53:00.291034+00:00,2.068,2.0533,0.014699999999999935,0.9945,0.0055,6,59
2026-01-13T08:53:01.291516+00:00,2.068,2.0533,0.014699999999999935,0.9945,0.0055,6,58
2026-01-13T08:53:02.291704+00:00,2.068,2.0533,0.014699999999999935,0.9945,0.0055,6,57
2026-01-13T08:53:03.291909+00:00,2.068,2.0533,0.014699999999999935,0.9945,0.0055,6,56
2026-01-13T08:53:04.292195+00:00,2.068,2.0533,0.014699999999999935,0.9945,0.0055,6,55
2026-01-13T08:53:05.292400+00:00,2.0681,2.0533,0.014799999999999702,0.9945,0.0055,6,54
2026-01-13T08:53:06.292476+00:00,2.068,2.0533,0.014699999999999935,0.9945,0.0055,6,53
2026-01-13T08:53:07.292860+00:00,2.068,2.0533,0.014699999999999935,0.9945,0.0055,6,52
2026-01-13T08:53:08.293304+00:00,2.0679,2.0533,0.014599999999999724,0.9945,0.0055,6,51
2026-01-13T08:53:09.293351+00:00,2.0679,2.0533,0.014599999999999724,0.9945,0.0055,6,50
2026-01-13T08:53:10.293823+00:00,2.0678,2.0533,0.014499999999999957,0.9945,0.0055,6,49
2026-01-13T08:53:11.294257+00:00,2.0677,2.0533,0.014399999999999746,0.9945,0.0055,6,48
2026-01-13T08:53:12.294567+00:00,2.0677,2.0533,0.014399999999999746,0.9945,0.0055,6,47
2026-01-13T08:53:13.295002+00:00,2.0678,2.0533,0.014499999999999957,0.9945,0.0055,6,46
2026-01-13T08:53:14.295383+00:00,2.0676,2.0533,0.01429999999999998,0.9945,0.0055,6,45
2026-01-13T08:53:15.295839+00:00,2.0676,2.0533,0.01429999999999998,0.9945,0.0055,6,44
2026-01-13T08:53:16.296353+00:00,2.0675,2.0533,0.014199999999999768,0.9945,0.0055,6,43
2026-01-13T08:53:17.296985+00:00,2.0675,2.0533,0.014199999999999768,0.9945,0.0055,6,42
2026-01-13T08:53:18.297193+00:00,2.0675,2.0533,0.014199999999999768,0.9945,0.0055,6,41
2026-01-13T08:53:19.297697+00:00,2.0675,2.0533,0.014199999999999768,0.9945,0.0055,6,40
2026-01-13T08:53:20.298199+00:00,2.0674,2.0533,0.014100000000000001,0.9945,0.0055,6,39
2026-01-13T08:53:21.298624+00:00,2.0673,2.0533,0.01399999999999979,0.9945,0.0055,6,38
2026-01-13T08:53:22.299069+00:00,2.0672,2.0533,0.013900000000000023,0.9945,0.0055,6,37
2026-01-13T08:53:23.299553+00:00,2.0671,2.0533,0.013799999999999812,0.9945,0.0055,6,36
2026-01-13T08:53:24.299756+00:00,2.067,2.0533,0.013700000000000045,0.9945,0.0055,6,35
2026-01-13T08:53:25.299938+00:00,2.0669,2.0533,0.013599999999999834,0.9945,0.0055,6,34
2026-01-13T08:53:26.300097+00:00,2.0668,2.0533,0.013500000000000068,0.9945,0.0055,6,33
2026-01-13T08:53:27.300588+00:00,2.0669,2.0533,0.013599999999999834,0.9945,0.0055,6,32
2026-01-13T08:53:28.300780+00:00,2.0668,2.0533,0.013500000000000068,0.9945,0.0055,6,31
2026-01-13T08:53:29.300958+00:00,2.0669,2.0533,0.013599999999999834,0.9945,0.0055,6,30
2026-01-13T08:53:30.301433+00:00,2.0669,2.0533,0.013599999999999834,0.9945,0.0055,6,29
2026-01-13T08:53:31.301872+00:00,2.0669,2.0533,0.013599999999999834,0.9945,0.0055,6,28
2026-01-13T08:53:32.302222+00:00,2.0669,2.0533,0.013599999999999834,0.9945,0.0055,6,27
2026-01-13T08:53:33.302595+00:00,2.0669,2.0533,0.013599999999999834,0.9945,0.0055,6,26
2026-01-13T08:53:34.303118+00:00,2.0669,2.0533,0.013599999999999834,0.9945,0.0055,6,25
2026-01-13T08:53:35.303153+00:00,2.0667,2.0533,0.013399999999999856,0.9945,0.0055,6,24
2026-01-13T08:53:36.303345+00:00,2.0662,2.0533,0.01289999999999969,0.9945,0.0055,6,23
2026-01-13T08:53:37.303733+00:00,2.0664,2.0533,0.013099999999999667,0.9945,0.0055,6,22
2026-01-13T08:53:38.303769+00:00,2.0664,2.0533,0.013099999999999667,0.9945,0.0055,6,21
2026-01-13T08:53:39.304059+00:00,2.0664,2.0533,0.013099999999999667,0.9945,0.0055,6,20
2026-01-13T08:53:40.304404+00:00,2.0664,2.0533,0.013099999999999667,0.9945,0.0055,6,19
2026-01-13T08:53:41.304451+00:00,2.0664,2.0533,0.013099999999999667,0.9945,0.0055,6,18
2026-01-13T08:53:42.304836+00:00,2.0664,2.0533,0.013099999999999667,0.9945,0.0055,6,17
2026-01-13T08:53:43.305051+00:00,2.0664,2.0533,0.013099999999999667,0.9945,0.0055,6,16
2026-01-13T08:53:44.305224+00:00,2.0664,2.0533,0.013099999999999667,0.9945,0.0055,6,15
2026-01-13T08:53:45.305345+00:00,2.0663,2.0533,0.0129999999999999,0.9945,0.0055,6,14
2026-01-13T08:53:46.305559+00:00,2.0663,2.0533,0.0129999999999999,0.9945,0.0055,6,13
2026-01-13T08:53:47.305942+00:00,2.0662,2.0533,0.01289999999999969,0.9945,0.0055,6,12
2026-01-13T08:53:48.306063+00:00,2.0662,2.0533,0.01289999999999969,0.9945,0.0055,6,11
2026-01-13T08:53:49.306386+00:00,2.0662,2.0533,0.01289999999999969,0.9945,0.0055,6,10
2026-01-13T08:53:50.306814+00:00,2.0661,2.0533,0.012799999999999923,0.9945,0.0055,6,9
2026-01-13T08:53:51.306947+00:00,2.0661,2.0533,0.012799999999999923,0.9945,0.0055,6,8
2026-01-13T08:53:52.307034+00:00,2.0661,2.0533,0.012799999999999923,0.9945,0.0055,6,7
2026-01-13T08:53:53.307559+00:00,2.0661,2.0533,0.012799999999999923,0.9945,0.0055,6,6
2026-01-13T08:53:54.307654+00:00,2.0661,2.0533,0.012799999999999923,0.9945,0.0055,6,5
2026-01-13T08:53:55.308009+00:00,2.066,2.0533,0.012699999999999712,0.9945,0.0055,6,4
2026-01-13T08:53:56.308296+00:00,2.0659,2.0533,0.012599999999999945,0.9945,0.0055,6,3
2026-01-13T08:53:57.308854+00:00,2.0659,2.0533,0.012599999999999945,0.9945,0.0055,6,2
2026-01-13T08:53:58.535007+00:00,2.0659,2.0533,0.012599999999999945,0.9945,0.0055,6,1
2026-01-13T08:53:59.310104+00:00,2.0659,2.0533,0.012599999999999945,0.9945,0.0055,6,0
2026-01-13T08:54:00.310362+00:00,2.0663,2.0533,0.0129999999999999,0.9945,0.0055,5,59
2026-01-13T08:54:01.310684+00:00,2.0663,2.0533,0.0129999999999999,0.9945,0.0055,5,58
2026-01-13T08:54:02.311088+00:00,2.0663,2.0533,0.0129999999999999,0.9945,0.0055,5,57
2026-01-13T08:54:03.311336+00:00,2.0663,2.0533,0.0129999999999999,0.9945,0.0055,5,56
2026-01-13T08:54:04.311397+00:00,2.0668,2.0533,0.013500000000000068,0.9945,0.0055,5,55
2026-01-13T08:54:05.311815+00:00,2.0668,2.0533,0.013500000000000068,0.9945,0.0055,5,54
2026-01-13T08:54:06.311903+00:00,2.0668,2.0533,0.013500000000000068,0.995,0.005,5,53
2026-01-13T08:54:07.311961+00:00,2.0668,2.0533,0.013500000000000068,0.995,0.005,5,52
2026-01-13T08:54:08.312212+00:00,2.0667,2.0533,0.013399999999999856,0.995,0.005,5,51
2026-01-13T08:54:09.312671+00:00,2.0667,2.0533,0.013399999999999856,0.995,0.005,5,50
2026-01-13T08:54:10.313093+00:00,2.0668,2.0533,0.013500000000000068,0.995,0.005,5,49
2026-01-13T08:54:11.313465+00:00,2.0668,2.0533,0.013500000000000068,0.995,0.005,5,48
2026-01-13T08:54:12.313526+00:00,2.0668,2.0533,0.013500000000000068,0.995,0.005,5,47
2026-01-13T08:54:13.313884+00:00,2.0668,2.0533,0.013500000000000068,0.995,0.005,5,46
2026-01-13T08:54:14.313926+00:00,2.0668,2.0533,0.013500000000000068,0.995,0.005,5,45
2026-01-13T08:54:15.314186+00:00,2.0668,2.0533,0.013500000000000068,0.995,0.005,5,44
2026-01-13T08:54:16.314276+00:00,2.0668,2.0533,0.013500000000000068,0.995,0.005,5,43
2026-01-13T08:54:17.314618+00:00,2.0668,2.0533,0.013500000000000068,0.995,0.005,5,42
2026-01-13T08:54:18.314697+00:00,2.0667,2.0533,0.013399999999999856,0.995,0.005,5,41
2026-01-13T08:54:19.314875+00:00,2.0668,2.0533,0.013500000000000068,0.995,0.005,5,40
2026-01-13T08:54:20.315323+00:00,2.0668,2.0533,0.013500000000000068,0.995,0.005,5,39
2026-01-13T08:54:21.315614+00:00,2.0667,2.0533,0.013399999999999856,0.995,0.005,5,38
2026-01-13T08:54:22.315874+00:00,2.0667,2.0533,0.013399999999999856,0.995,0.005,5,37
2026-01-13T08:54:23.316141+00:00,2.0667,2.0533,0.013399999999999856,0.995,0.005,5,36
2026-01-13T08:54:24.316533+00:00,2.0668,2.0533,0.013500000000000068,0.995,0.005,5,35
2026-01-13T08:54:25.316887+00:00,2.0668,2.0533,0.013500000000000068,0.995,0.005,5,34
2026-01-13T08:54:26.317279+00:00,2.0667,2.0533,0.013399999999999856,0.995,0.005,5,33
2026-01-13T08:54:27.317656+00:00,2.0667,2.0533,0.013399999999999856,0.995,0.005,5,32
2026-01-13T08:54:28.318082+00:00,2.0673,2.0533,0.01399999999999979,0.995,0.005,5,31
2026-01-13T08:54:29.318223+00:00,2.0673,2.0533,0.01399999999999979,0.995,0.005,5,30
2026-01-13T08:54:30.318365+00:00,2.0673,2.0533,0.01399999999999979,0.995,0.005,5,29
2026-01-13T08:54:31.318727+00:00,2.0673,2.0533,0.01399999999999979,0.995,0.005,5,28
2026-01-13T08:54:32.318908+00:00,2.0673,2.0533,0.01399999999999979,0.995,0.005,5,27
2026-01-13T08:54:33.318985+00:00,2.0673,2.0533,0.01399999999999979,0.995,0.005,5,26
2026-01-13T08:54:34.319413+00:00,2.0674,2.0533,0.014100000000000001,0.995,0.005,5,25
2026-01-13T08:54:35.319645+00:00,2.0674,2.0533,0.014100000000000001,0.995,0.005,5,24
2026-01-13T08:54:36.319766+00:00,2.0674,2.0533,0.014100000000000001,0.995,0.005,5,23
2026-01-13T08:54:37.320225+00:00,2.0674,2.0533,0.014100000000000001,0.995,0.005,5,22
2026-01-13T08:54:38.320610+00:00,2.0674,2.0533,0.014100000000000001,0.995,0.005,5,21
2026-01-13T08:54:39.321045+00:00,2.0674,2.0533,0.014100000000000001,0.995,0.005,5,20
2026-01-13T08:54:40.321425+00:00,2.0674,2.0533,0.014100000000000001,0.995,0.005,5,19
2026-01-13T08:54:41.321751+00:00,2.0674,2.0533,0.014100000000000001,0.995,0.005,5,18
2026-01-13T08:54:42.321966+00:00,2.0674,2.0533,0.014100000000000001,0.995,0.005,5,17
2026-01-13T08:54:43.322009+00:00,2.0673,2.0533,0.01399999999999979,0.995,0.005,5,16
2026-01-13T08:54:44.322301+00:00,2.0673,2.0533,0.01399999999999979,0.995,0.005,5,15
2026-01-13T08:54:45.322827+00:00,2.0673,2.0533,0.01399999999999979,0.995,0.005,5,14
2026-01-13T08:54:46.323074+00:00,2.0673,2.0533,0.01399999999999979,0.995,0.005,5,13
2026-01-13T08:54:47.323542+00:00,2.0673,2.0533,0.01399999999999979,0.995,0.005,5,12
2026-01-13T08:54:48.323792+00:00,2.0671,2.0533,0.013799999999999812,0.995,0.005,5,11
2026-01-13T08:54:49.323971+00:00,2.0669,2.0533,0.013599999999999834,0.995,0.005,5,10
2026-01-13T08:54:50.324089+00:00,2.067,2.0533,0.013700000000000045,0.995,0.005,5,9
2026-01-13T08:54:51.324425+00:00,2.0669,2.0533,0.013599999999999834,0.995,0.005,5,8
2026-01-13T08:54:52.324889+00:00,2.0669,2.0533,0.013599999999999834,0.995,0.005,5,7
2026-01-13T08:54:53.325259+00:00,2.0669,2.0533,0.013599999999999834,0.995,0.005,5,6
2026-01-13T08:54:54.325773+00:00,2.0669,2.0533,0.013599999999999834,0.995,0.005,5,5
2026-01-13T08:54:55.326259+00:00,2.0669,2.0533,0.013599999999999834,0.995,0.005,5,4
2026-01-13T08:54:56.326327+00:00,2.0666,2.0533,0.01330000000000009,0.995,0.005,5,3
2026-01-13T08:54:57.326760+00:00,2.0666,2.0533,0.01330000000000009,0.995,0.005,5,2
2026-01-13T08:54:58.327142+00:00,2.0666,2.0533,0.01330000000000009,0.995,0.005,5,1
2026-01-13T08:54:59.558007+00:00,2.0667,2.0533,0.013399999999999856,0.995,0.005,5,0
2026-01-13T08:55:00.328697+00:00,2.0666,2.0533,0.01330000000000009,0.995,0.005,4,59
2026-01-13T08:55:01.329145+00:00,2.0665,2.0533,0.013199999999999878,0.995,0.005,4,58
2026-01-13T08:55:02.329234+00:00,2.0664,2.0533,0.013099999999999667,0.995,0.005,4,57
2026-01-13T08:55:03.329378+00:00,2.0661,2.0533,0.012799999999999923,0.995,0.005,4,56
2026-01-13T08:55:04.329404+00:00,2.0661,2.0533,0.012799999999999923,0.995,0.005,4,55
2026-01-13T08:55:05.329946+00:00,2.0658,2.0533,0.012499999999999734,0.995,0.005,4,54
2026-01-13T08:55:06.330252+00:00,2.0658,2.0533,0.012499999999999734,0.995,0.005,4,53
2026-01-13T08:55:07.330454+00:00,2.0658,2.0533,0.012499999999999734,0.995,0.005,4,52
2026-01-13T08:55:08.330547+00:00,2.0658,2.0533,0.012499999999999734,0.995,0.005,4,51
2026-01-13T08:55:09.330718+00:00,2.0657,2.0533,0.012399999999999967,0.995,0.005,4,50
2026-01-13T08:55:10.330945+00:00,2.0656,2.0533,0.012299999999999756,0.995,0.005,4,49
2026-01-13T08:55:11.331044+00:00,2.0656,2.0533,0.012299999999999756,0.995,0.005,4,48
2026-01-13T08:55:12.331194+00:00,2.0656,2.0533,0.012299999999999756,0.995,0.005,4,47
2026-01-13T08:55:13.331722+00:00,2.0655,2.0533,0.012199999999999989,0.995,0.005,4,46
2026-01-13T08:55:14.331841+00:00,2.0655,2.0533,0.012199999999999989,0.995,0.005,4,45
2026-01-13T08:55:15.331901+00:00,2.0655,2.0533,0.012199999999999989,0.995,0.005,4,44
2026-01-13T08:55:16.332022+00:00,2.0655,2.0533,0.012199999999999989,0.995,0.005,4,43
2026-01-13T08:55:17.332398+00:00,2.0655,2.0533,0.012199999999999989,0.995,0.005,4,42
2026-01-13T08:55:18.332793+00:00,2.066,2.0533,0.012699999999999712,0.995,0.005,4,41
2026-01-13T08:55:19.333045+00:00,2.066,2.0533,0.012699999999999712,0.995,0.005,4,40
2026-01-13T08:55:20.333268+00:00,2.066,2.0533,0.012699999999999712,0.995,0.005,4,39
2026-01-13T08:55:21.333447+00:00,2.066,2.0533,0.012699999999999712,0.995,0.005,4,38
2026-01-13T08:55:22.333621+00:00,2.066,2.0533,0.012699999999999712,0.995,0.005,4,37
2026-01-13T08:55:23.333878+00:00,2.066,2.0533,0.012699999999999712,0.995,0.005,4,36
2026-01-13T08:55:24.333903+00:00,2.066,2.0533,0.012699999999999712,0.995,0.005,4,35
2026-01-13T08:55:25.334141+00:00,2.066,2.0533,0.012699999999999712,0.995,0.005,4,34
2026-01-13T08:55:26.334661+00:00,2.0661,2.0533,0.012799999999999923,0.995,0.005,4,33
2026-01-13T08:55:27.335112+00:00,2.0661,2.0533,0.012799999999999923,0.995,0.005,4,32
2026-01-13T08:55:28.335536+00:00,2.0661,2.0533,0.012799999999999923,0.995,0.005,4,31
2026-01-13T08:55:29.335578+00:00,2.066,2.0533,0.012699999999999712,0.995,0.005,4,30
2026-01-13T08:55:30.335688+00:00,2.066,2.0533,0.012699999999999712,0.995,0.005,4,29
2026-01-13T08:55:31.335967+00:00,2.066,2.0533,0.012699999999999712,0.995,0.005,4,28
2026-01-13T08:55:32.336089+00:00,2.066,2.0533,0.012699999999999712,0.995,0.005,4,27
2026-01-13T08:55:33.336423+00:00,2.066,2.0533,0.012699999999999712,0.995,0.005,4,26
2026-01-13T08:55:34.336878+00:00,2.066,2.0533,0.012699999999999712,0.995,0.005,4,25
2026-01-13T08:55:35.336947+00:00,2.066,2.0533,0.012699999999999712,0.995,0.005,4,24
2026-01-13T08:55:36.337258+00:00,2.066,2.0533,0.012699999999999712,0.995,0.005,4,23
2026-01-13T08:55:37.337697+00:00,2.0661,2.0533,0.012799999999999923,0.995,0.005,4,22
2026-01-13T08:55:38.337757+00:00,2.066,2.0533,0.012699999999999712,0.995,0.005,4,21
2026-01-13T08:55:39.337996+00:00,2.0659,2.0533,0.012599999999999945,0.995,0.005,4,20
2026-01-13T08:55:40.338545+00:00,2.0659,2.0533,0.012599999999999945,0.995,0.005,4,19
2026-01-13T08:55:41.338727+00:00,2.0659,2.0533,0.012599999999999945,0.995,0.005,4,18
2026-01-13T08:55:42.338894+00:00,2.0657,2.0533,0.012399999999999967,0.995,0.005,4,17
2026-01-13T08:55:43.338921+00:00,2.0657,2.0533,0.012399999999999967,0.9955,0.0045,4,16
2026-01-13T08:55:44.339312+00:00,2.065,2.0533,0.011699999999999822,0.9955,0.0045,4,15
2026-01-13T08:55:45.339488+00:00,2.065,2.0533,0.011699999999999822,0.9955,0.0045,4,14
2026-01-13T08:55:46.382686+00:00,2.065,2.0533,0.011699999999999822,0.9955,0.0045,4,13
2026-01-13T08:55:47.382989+00:00,2.065,2.0533,0.011699999999999822,0.9955,0.0045,4,12
2026-01-13T08:55:48.383040+00:00,2.065,2.0533,0.011699999999999822,0.9955,0.0045,4,11
2026-01-13T08:55:49.383508+00:00,2.065,2.0533,0.011699999999999822,0.9955,0.0045,4,10
2026-01-13T08:55:50.383865+00:00,2.0651,2.0533,0.011800000000000033,0.9955,0.0045,4,9
2026-01-13T08:55:51.384282+00:00,2.0651,2.0533,0.011800000000000033,0.9955,0.0045,4,8
2026-01-13T08:55:52.384316+00:00,2.0651,2.0533,0.011800000000000033,0.9955,0.0045,4,7
2026-01-13T08:55:53.384621+00:00,2.065,2.0533,0.011699999999999822,0.9955,0.0045,4,6
2026-01-13T08:55:54.384754+00:00,2.065,2.0533,0.011699999999999822,0.9955,0.0045,4,5
2026-01-13T08:55:55.384967+00:00,2.0651,2.0533,0.011800000000000033,0.9955,0.0045,4,4
2026-01-13T08:55:56.385141+00:00,2.0646,2.0533,0.011299999999999866,0.9955,0.0045,4,3
2026-01-13T08:55:57.385626+00:00,2.065,2.0533,0.011699999999999822,0.9955,0.0045,4,2
2026-01-13T08:55:58.386038+00:00,2.065,2.0533,0.011699999999999822,0.9955,0.0045,4,1
2026-01-13T08:55:59.386495+00:00,2.065,2.0533,0.011699999999999822,0.9955,0.0045,4,0
2026-01-13T08:56:00.613008+00:00,2.065,2.0533,0.011699999999999822,0.9955,0.0045,3,59
2026-01-13T08:56:01.382233+00:00,2.065,2.0533,0.011699999999999822,0.9955,0.0045,3,58
2026-01-13T08:56:02.382569+00:00,2.065,2.0533,0.011699999999999822,0.9955,0.0045,3,57
2026-01-13T08:56:03.382759+00:00,2.065,2.0533,0.011699999999999822,0.9955,0.0045,3,56
2026-01-13T08:56:04.383135+00:00,2.065,2.0533,0.011699999999999822,0.9955,0.0045,3,55
2026-01-13T08:56:05.383475+00:00,2.065,2.0533,0.011699999999999822,0.9955,0.0045,3,54
2026-01-13T08:56:06.383894+00:00,2.065,2.0533,0.011699999999999822,0.9955,0.0045,3,53
2026-01-13T08:56:07.384041+00:00,2.065,2.0533,0.011699999999999822,0.9955,0.0045,3,52
2026-01-13T08:56:08.384465+00:00,2.0649,2.0533,0.011600000000000055,0.9955,0.0045,3,51
2026-01-13T08:56:09.384800+00:00,2.0649,2.0533,0.011600000000000055,0.9955,0.0045,3,50
2026-01-13T08:56:10.385159+00:00,2.065,2.0533,0.011699999999999822,0.9955,0.0045,3,49
2026-01-13T08:56:11.385299+00:00,2.065,2.0533,0.011699999999999822,0.9955,0.0045,3,48
2026-01-13T08:56:12.385563+00:00,2.065,2.0533,0.011699999999999822,0.9955,0.0045,3,47
2026-01-13T08:56:13.385596+00:00,2.0649,2.0533,0.011600000000000055,0.995,0.005,3,46
2026-01-13T08:56:14.385931+00:00,2.0649,2.0533,0.011600000000000055,0.995,0.005,3,45
2026-01-13T08:56:15.386385+00:00,2.0649,2.0533,0.011600000000000055,0.995,0.005,3,44
2026-01-13T08:56:16.386458+00:00,2.0649,2.0533,0.011600000000000055,0.995,0.005,3,43
2026-01-13T08:56:17.386739+00:00,2.065,2.0533,0.011699999999999822,0.995,0.005,3,42
2026-01-13T08:56:18.387025+00:00,2.065,2.0533,0.011699999999999822,0.995,0.005,3,41
2026-01-13T08:56:19.387267+00:00,2.0649,2.0533,0.011600000000000055,0.995,0.005,3,40
2026-01-13T08:56:20.387782+00:00,2.065,2.0533,0.011699999999999822,0.995,0.005,3,39
2026-01-13T08:56:21.388292+00:00,2.065,2.0533,0.011699999999999822,0.995,0.005,3,38
2026-01-13T08:56:22.388579+00:00,2.065,2.0533,0.011699999999999822,0.995,0.005,3,37
2026-01-13T08:56:23.388663+00:00,2.065,2.0533,0.011699999999999822,0.995,0.005,3,36
2026-01-13T08:56:24.388725+00:00,2.0654,2.0533,0.012099999999999778,0.995,0.005,3,35
2026-01-13T08:56:25.388887+00:00,2.0654,2.0533,0.012099999999999778,0.995,0.005,3,34
2026-01-13T08:56:26.389077+00:00,2.0654,2.0533,0.012099999999999778,0.995,0.005,3,33
2026-01-13T08:56:27.389580+00:00,2.0654,2.0533,0.012099999999999778,0.995,0.005,3,32
2026-01-13T08:56:28.390095+00:00,2.0653,2.0533,0.01200000000000001,0.995,0.005,3,31
2026-01-13T08:56:29.390604+00:00,2.0653,2.0533,0.01200000000000001,0.995,0.005,3,30
2026-01-13T08:56:30.395289+00:00,2.0653,2.0533,0.01200000000000001,0.995,0.005,3,29
2026-01-13T08:56:31.705094+00:00,2.0653,2.0533,0.01200000000000001,0.995,0.005,3,28
2026-01-13T08:56:33.339447+00:00,2.0653,2.0533,0.01200000000000001,0.995,0.005,3,26
2026-01-13T08:56:34.711569+00:00,2.0653,2.0533,0.01200000000000001,0.995,0.005,3,25
2026-01-13T08:56:35.772721+00:00,2.0653,2.0533,0.01200000000000001,0.995,0.005,3,24
2026-01-13T08:56:36.772800+00:00,2.0654,2.0533,0.012099999999999778,0.995,0.005,3,23
2026-01-13T08:56:37.773299+00:00,2.0654,2.0533,0.012099999999999778,0.995,0.005,3,22
2026-01-13T08:56:38.773609+00:00,2.0654,2.0533,0.012099999999999778,0.995,0.005,3,21
2026-01-13T08:56:39.773739+00:00,2.0654,2.0533,0.012099999999999778,0.995,0.005,3,20
2026-01-13T08:56:40.774199+00:00,2.0654,2.0533,0.012099999999999778,0.995,0.005,3,19
2026-01-13T08:56:41.774349+00:00,2.0654,2.0533,0.012099999999999778,0.995,0.005,3,18
2026-01-13T08:56:42.774648+00:00,2.0654,2.0533,0.012099999999999778,0.995,0.005,3,17
2026-01-13T08:56:43.775025+00:00,2.0653,2.0533,0.01200000000000001,0.995,0.005,3,16
2026-01-13T08:56:44.775277+00:00,2.0653,2.0533,0.01200000000000001,0.995,0.005,3,15
2026-01-13T08:56:45.775739+00:00,2.0653,2.0533,0.01200000000000001,0.995,0.005,3,14
2026-01-13T08:56:46.775993+00:00,2.0653,2.0533,0.01200000000000001,0.995,0.005,3,13
2026-01-13T08:56:47.776224+00:00,2.0654,2.0533,0.012099999999999778,0.995,0.005,3,12
2026-01-13T08:56:48.776455+00:00,2.0654,2.0533,0.012099999999999778,0.995,0.005,3,11
2026-01-13T08:56:49.776526+00:00,2.0653,2.0533,0.01200000000000001,0.995,0.005,3,10
2026-01-13T08:56:50.776936+00:00,2.0653,2.0533,0.01200000000000001,0.995,0.005,3,9
2026-01-13T08:56:51.777444+00:00,2.0653,2.0533,0.01200000000000001,0.995,0.005,3,8
2026-01-13T08:56:52.778047+00:00,2.0653,2.0533,0.01200000000000001,0.995,0.005,3,7
2026-01-13T08:56:53.778384+00:00,2.0653,2.0533,0.01200000000000001,0.995,0.005,3,6
2026-01-13T08:56:54.778756+00:00,2.0653,2.0533,0.01200000000000001,0.995,0.005,3,5
2026-01-13T08:56:55.778949+00:00,2.0653,2.0533,0.01200000000000001,0.995,0.005,3,4
2026-01-13T08:56:56.779284+00:00,2.0653,2.0533,0.01200000000000001,0.995,0.005,3,3
2026-01-13T08:56:57.779351+00:00,2.0654,2.0533,0.012099999999999778,0.995,0.005,3,2
2026-01-13T08:56:58.779818+00:00,2.0653,2.0533,0.01200000000000001,0.995,0.005,3,1
2026-01-13T08:56:59.780129+00:00,2.0653,2.0533,0.01200000000000001,0.995,0.005,3,0
2026-01-13T08:57:01.013007+00:00,2.0653,2.0533,0.01200000000000001,0.995,0.005,2,58
2026-01-13T08:57:01.783296+00:00,2.0654,2.0533,0.012099999999999778,0.995,0.005,2,58
2026-01-13T08:57:02.783721+00:00,2.0654,2.0533,0.012099999999999778,0.995,0.005,2,57
2026-01-13T08:57:03.783861+00:00,2.0654,2.0533,0.012099999999999778,0.995,0.005,2,56
2026-01-13T08:57:04.784300+00:00,2.0653,2.0533,0.01200000000000001,0.995,0.005,2,55
2026-01-13T08:57:05.784654+00:00,2.0653,2.0533,0.01200000000000001,0.995,0.005,2,54
2026-01-13T08:57:06.784981+00:00,2.0653,2.0533,0.01200000000000001,0.995,0.005,2,53
2026-01-13T08:57:07.785094+00:00,2.0654,2.0533,0.012099999999999778,0.995,0.005,2,52
2026-01-13T08:57:08.785434+00:00,2.0653,2.0533,0.01200000000000001,0.995,0.005,2,51
2026-01-13T08:57:09.785638+00:00,2.0653,2.0533,0.01200000000000001,0.995,0.005,2,50
2026-01-13T08:57:10.785729+00:00,2.0653,2.0533,0.01200000000000001,0.995,0.005,2,49
2026-01-13T08:57:11.785895+00:00,2.0653,2.0533,0.01200000000000001,0.995,0.005,2,48
2026-01-13T08:57:12.786012+00:00,2.0653,2.0533,0.01200000000000001,0.995,0.005,2,47
2026-01-13T08:57:13.786452+00:00,2.0654,2.0533,0.012099999999999778,0.995,0.005,2,46
2026-01-13T08:57:14.786862+00:00,2.0654,2.0533,0.012099999999999778,0.995,0.005,2,45
2026-01-13T08:57:15.787357+00:00,2.0654,2.0533,0.012099999999999778,0.995,0.005,2,44
2026-01-13T08:57:16.787382+00:00,2.0654,2.0533,0.012099999999999778,0.995,0.005,2,43
2026-01-13T08:57:17.787958+00:00,2.0654,2.0533,0.012099999999999778,0.995,0.005,2,42
2026-01-13T08:57:18.788167+00:00,2.0654,2.0533,0.012099999999999778,0.995,0.005,2,41
2026-01-13T08:57:19.788265+00:00,2.0653,2.0533,0.01200000000000001,0.995,0.005,2,40
2026-01-13T08:57:20.788719+00:00,2.0653,2.0533,0.01200000000000001,0.995,0.005,2,39
2026-01-13T08:57:21.788820+00:00,2.0653,2.0533,0.01200000000000001,0.995,0.005,2,38
2026-01-13T08:57:22.789170+00:00,2.0653,2.0533,0.01200000000000001,0.995,0.005,2,37
2026-01-13T08:57:23.789524+00:00,2.0653,2.0533,0.01200000000000001,0.995,0.005,2,36
2026-01-13T08:57:24.789691+00:00,2.066,2.0533,0.012699999999999712,0.995,0.005,2,35
2026-01-13T08:57:25.790052+00:00,2.066,2.0533,0.012699999999999712,0.995,0.005,2,34
2026-01-13T08:57:26.790416+00:00,2.0659,2.0533,0.012599999999999945,0.995,0.005,2,33
2026-01-13T08:57:27.790790+00:00,2.0659,2.0533,0.012599999999999945,0.995,0.005,2,32
2026-01-13T08:57:28.790932+00:00,2.0659,2.0533,0.012599999999999945,0.995,0.005,2,31
2026-01-13T08:57:29.791022+00:00,2.0659,2.0533,0.012599999999999945,0.995,0.005,2,30
2026-01-13T08:57:30.791393+00:00,2.0659,2.0533,0.012599999999999945,0.995,0.005,2,29
2026-01-13T08:57:31.791633+00:00,2.0659,2.0533,0.012599999999999945,0.995,0.005,2,28
2026-01-13T08:57:32.792041+00:00,2.0658,2.0533,0.012499999999999734,0.995,0.005,2,27
2026-01-13T08:57:33.792189+00:00,2.0658,2.0533,0.012499999999999734,0.995,0.005,2,26
2026-01-13T08:57:34.792520+00:00,2.0658,2.0533,0.012499999999999734,0.995,0.005,2,25
2026-01-13T08:57:35.793005+00:00,2.0658,2.0533,0.012499999999999734,0.995,0.005,2,24
2026-01-13T08:57:36.793534+00:00,2.0658,2.0533,0.012499999999999734,0.995,0.005,2,23
2026-01-13T08:57:37.793999+00:00,2.0658,2.0533,0.012499999999999734,0.995,0.005,2,22
2026-01-13T08:57:38.794315+00:00,2.0658,2.0533,0.012499999999999734,0.995,0.005,2,21
2026-01-13T08:57:39.794591+00:00,2.0658,2.0533,0.012499999999999734,0.996,0.004,2,20
2026-01-13T08:57:40.794688+00:00,2.0658,2.0533,0.012499999999999734,0.996,0.004,2,19
2026-01-13T08:57:41.794866+00:00,2.0658,2.0533,0.012499999999999734,0.996,0.004,2,18
2026-01-13T08:57:42.794906+00:00,2.0659,2.0533,0.012599999999999945,0.996,0.004,2,17
2026-01-13T08:57:43.795201+00:00,2.0658,2.0533,0.012499999999999734,0.996,0.004,2,16
2026-01-13T08:57:44.795632+00:00,2.0658,2.0533,0.012499999999999734,0.996,0.004,2,15
2026-01-13T08:57:45.795904+00:00,2.0658,2.0533,0.012499999999999734,0.996,0.004,2,14
2026-01-13T08:57:46.796204+00:00,2.0658,2.0533,0.012499999999999734,0.996,0.004,2,13
2026-01-13T08:57:47.796235+00:00,2.0659,2.0533,0.012599999999999945,0.996,0.004,2,12
2026-01-13T08:57:48.796380+00:00,2.0658,2.0533,0.012499999999999734,0.996,0.004,2,11
2026-01-13T08:57:49.796672+00:00,2.0658,2.0533,0.012499999999999734,0.996,0.004,2,10
2026-01-13T08:57:50.796706+00:00,2.0658,2.0533,0.012499999999999734,0.996,0.0035,2,9
2026-01-13T08:57:51.797256+00:00,2.0658,2.0533,0.012499999999999734,0.9965,0.0035,2,8
2026-01-13T08:57:52.797462+00:00,2.0658,2.0533,0.012499999999999734,0.9965,0.0035,2,7
2026-01-13T08:57:53.797914+00:00,2.0658,2.0533,0.012499999999999734,0.9965,0.0035,2,6
2026-01-13T08:57:54.798222+00:00,2.0658,2.0533,0.012499999999999734,0.9965,0.0035,2,5
2026-01-13T08:57:55.798449+00:00,2.0658,2.0533,0.012499999999999734,0.9965,0.0035,2,4
2026-01-13T08:57:56.798670+00:00,2.0658,2.0533,0.012499999999999734,0.9965,0.0035,2,3
2026-01-13T08:57:57.798890+00:00,2.0658,2.0533,0.012499999999999734,0.9965,0.0035,2,2
2026-01-13T08:57:58.799364+00:00,2.0658,2.0533,0.012499999999999734,0.9965,0.0035,2,1
2026-01-13T08:57:59.799692+00:00,2.0658,2.0533,0.012499999999999734,0.9965,0.0035,2,0
2026-01-13T08:58:00.799898+00:00,2.0658,2.0533,0.012499999999999734,0.9965,0.0035,1,59
2026-01-13T08:58:02.030011+00:00,2.0658,2.0533,0.012499999999999734,0.9965,0.0035,1,57
2026-01-13T08:58:02.802256+00:00,2.0658,2.0533,0.012499999999999734,0.9965,0.0035,1,57
2026-01-13T08:58:03.802577+00:00,2.0658,2.0533,0.012499999999999734,0.9965,0.0035,1,56
2026-01-13T08:58:04.803022+00:00,2.0658,2.0533,0.012499999999999734,0.9965,0.0035,1,55
2026-01-13T08:58:05.803392+00:00,2.0658,2.0533,0.012499999999999734,0.9995,0.0005,1,54
2026-01-13T08:58:06.803772+00:00,2.0658,2.0533,0.012499999999999734,0.9995,0.0005,1,53
2026-01-13T08:58:07.804077+00:00,2.0658,2.0533,0.012499999999999734,0.9995,0.0005,1,52
2026-01-13T08:58:08.804214+00:00,2.0658,2.0533,0.012499999999999734,0.9995,0.0005,1,51
2026-01-13T08:58:09.804439+00:00,2.0658,2.0533,0.012499999999999734,0.9995,0.0005,1,50
2026-01-13T08:58:10.804686+00:00,2.0658,2.0533,0.012499999999999734,0.9995,0.0005,1,49
2026-01-13T08:58:11.804987+00:00,2.0658,2.0533,0.012499999999999734,0.9995,0.0005,1,48
2026-01-13T08:58:12.805071+00:00,2.0658,2.0533,0.012499999999999734,0.9995,0.0005,1,47
2026-01-13T08:58:13.805506+00:00,2.0658,2.0533,0.012499999999999734,0.9995,0.0005,1,46
2026-01-13T08:58:14.805797+00:00,2.0657,2.0533,0.012399999999999967,0.9995,0.0005,1,45
2026-01-13T08:58:15.806087+00:00,2.0657,2.0533,0.012399999999999967,0.9995,0.0005,1,44
2026-01-13T08:58:16.806429+00:00,2.0657,2.0533,0.012399999999999967,0.9995,0.0005,1,43
2026-01-13T08:58:17.806589+00:00,2.0655,2.0533,0.012199999999999989,0.9995,0.0005,1,42
2026-01-13T08:58:18.806616+00:00,2.0654,2.0533,0.012099999999999778,0.9995,0.0005,1,41
2026-01-13T08:58:19.807075+00:00,2.0655,2.0533,0.012199999999999989,0.9995,0.0005,1,40
2026-01-13T08:58:20.807343+00:00,2.0655,2.0533,0.012199999999999989,0.9995,0.0005,1,39
2026-01-13T08:58:21.807648+00:00,2.0655,2.0533,0.012199999999999989,0.9995,0.0005,1,38
2026-01-13T08:58:22.808009+00:00,2.0655,2.0533,0.012199999999999989,0.9995,0.0005,1,37
2026-01-13T08:58:23.808546+00:00,2.0655,2.0533,0.012199999999999989,0.9995,0.0005,1,36
2026-01-13T08:58:24.808912+00:00,2.0655,2.0533,0.012199999999999989,0.9995,0.0005,1,35
2026-01-13T08:58:25.809274+00:00,2.0655,2.0533,0.012199999999999989,0.9995,0.0005,1,34
2026-01-13T08:58:26.809386+00:00,2.0655,2.0533,0.012199999999999989,0.9995,0.0005,1,33
2026-01-13T08:58:27.809578+00:00,2.0655,2.0533,0.012199999999999989,0.9995,0.0005,1,32
2026-01-13T08:58:28.809812+00:00,2.0655,2.0533,0.012199999999999989,0.9995,0.0005,1,31
2026-01-13T08:58:29.809895+00:00,2.0655,2.0533,0.012199999999999989,0.9995,0.0005,1,30
2026-01-13T08:58:30.810047+00:00,2.0649,2.0533,0.011600000000000055,0.9995,0.0005,1,29
2026-01-13T08:58:31.810460+00:00,2.0648,2.0533,0.011499999999999844,0.9995,0.0005,1,28
2026-01-13T08:58:32.810980+00:00,2.0648,2.0533,0.011499999999999844,0.9995,0.0005,1,27
2026-01-13T08:58:33.811420+00:00,2.0649,2.0533,0.011600000000000055,0.9995,0.0005,1,26
2026-01-13T08:58:34.811786+00:00,2.0649,2.0533,0.011600000000000055,0.9995,0.0005,1,25
2026-01-13T08:58:35.812205+00:00,2.0649,2.0533,0.011600000000000055,0.9995,0.0005,1,24
2026-01-13T08:58:36.812591+00:00,2.0648,2.0533,0.011499999999999844,0.9995,0.0005,1,23
2026-01-13T08:58:37.812899+00:00,2.0648,2.0533,0.011499999999999844,0.9995,0.0005,1,22
2026-01-13T08:58:38.813009+00:00,2.0648,2.0533,0.011499999999999844,0.9995,0.0005,1,21
2026-01-13T08:58:39.813526+00:00,2.0648,2.0533,0.011499999999999844,0.9995,0.0005,1,20
2026-01-13T08:58:40.813559+00:00,2.0648,2.0533,0.011499999999999844,0.9995,0.0005,1,19
2026-01-13T08:58:41.814011+00:00,2.0648,2.0533,0.011499999999999844,0.9995,0.0005,1,18
2026-01-13T08:58:42.814150+00:00,2.0648,2.0533,0.011499999999999844,0.9995,0.0005,1,17
2026-01-13T08:58:43.814350+00:00,2.0648,2.0533,0.011499999999999844,0.9995,0.0005,1,16
2026-01-13T08:58:44.814750+00:00,2.0648,2.0533,0.011499999999999844,0.9995,0.0005,1,15
2026-01-13T08:58:45.814968+00:00,2.0649,2.0533,0.011600000000000055,0.9995,0.0005,1,14
2026-01-13T08:58:46.815582+00:00,2.0649,2.0533,0.011600000000000055,0.9995,0.0005,1,13
2026-01-13T08:58:47.815934+00:00,2.0649,2.0533,0.011600000000000055,0.9995,0.0005,1,12
2026-01-13T08:58:48.816153+00:00,2.0649,2.0533,0.011600000000000055,0.9995,0.0005,1,11
2026-01-13T08:58:49.816261+00:00,2.0649,2.0533,0.011600000000000055,0.9995,0.0005,1,10
2026-01-13T08:58:50.816465+00:00,2.0652,2.0533,0.0118999999999998,0.9995,0.0005,1,9
2026-01-13T08:58:51.816761+00:00,2.0652,2.0533,0.0118999999999998,0.9995,0.0005,1,8
2026-01-13T08:58:52.816948+00:00,2.0652,2.0533,0.0118999999999998,0.9995,0.0005,1,7
2026-01-13T08:58:53.817093+00:00,2.0652,2.0533,0.0118999999999998,0.9995,0.0005,1,6
2026-01-13T08:58:54.817281+00:00,2.0652,2.0533,0.0118999999999998,0.9995,0.0005,1,5
2026-01-13T08:58:55.817313+00:00,2.0653,2.0533,0.01200000000000001,0.9995,0.0005,1,4
2026-01-13T08:58:56.817657+00:00,2.0653,2.0533,0.01200000000000001,0.9995,0.0005,1,3
2026-01-13T08:58:57.817904+00:00,2.0653,2.0533,0.01200000000000001,0.9995,0.0005,1,2
2026-01-13T08:58:58.818060+00:00,2.0653,2.0533,0.01200000000000001,0.9995,0.0005,1,1
2026-01-13T08:58:59.818288+00:00,2.0653,2.0533,0.01200000000000001,0.9995,0.0005,1,0
2026-01-13T08:59:00.818439+00:00,2.0653,2.0533,0.01200000000000001,0.9995,0.0005,0,59
2026-01-13T08:59:01.818581+00:00,2.0653,2.0533,0.01200000000000001,0.9995,0.0005,0,58
2026-01-13T08:59:03.049007+00:00,2.0653,2.0533,0.01200000000000001,0.9995,0.0005,0,56
2026-01-13T08:59:03.820688+00:00,2.0653,2.0533,0.01200000000000001,0.9995,0.0005,0,56
2026-01-13T08:59:04.820821+00:00,2.0653,2.0533,0.01200000000000001,0.9995,0.0005,0,55
2026-01-13T08:59:05.821053+00:00,2.0656,2.0533,0.012299999999999756,0.9995,0.0005,0,54
2026-01-13T08:59:06.821265+00:00,2.0655,2.0533,0.012199999999999989,0.9995,0.0005,0,53
2026-01-13T08:59:07.821356+00:00,2.0655,2.0533,0.012199999999999989,0.9995,0.0005,0,52
2026-01-13T08:59:08.821621+00:00,2.0655,2.0533,0.012199999999999989,0.9995,0.0005,0,51
2026-01-13T08:59:09.821659+00:00,2.0655,2.0533,0.012199999999999989,0.9995,0.0005,0,50
2026-01-13T08:59:10.821899+00:00,2.0655,2.0533,0.012199999999999989,0.9995,0.0005,0,49
2026-01-13T08:59:11.822403+00:00,2.0655,2.0533,0.012199999999999989,0.9995,0.0005,0,48
2026-01-13T08:59:12.822832+00:00,2.0655,2.0533,0.012199999999999989,0.9995,0.0005,0,47
2026-01-13T08:59:13.823310+00:00,2.0655,2.0533,0.012199999999999989,0.9995,0.0005,0,46
2026-01-13T08:59:14.823650+00:00,2.0655,2.0533,0.012199999999999989,0.9995,0.0005,0,45
2026-01-13T08:59:15.823795+00:00,2.0656,2.0533,0.012299999999999756,0.9995,0.0005,0,44
2026-01-13T08:59:16.824082+00:00,2.0656,2.0533,0.012299999999999756,0.9995,0.0005,0,43
2026-01-13T08:59:17.824553+00:00,2.0656,2.0533,0.012299999999999756,0.9995,0.0005,0,42
2026-01-13T08:59:18.824840+00:00,2.0656,2.0533,0.012299999999999756,0.9995,0.0005,0,41
2026-01-13T08:59:19.825357+00:00,2.0656,2.0533,0.012299999999999756,0.9995,0.0005,0,40
2026-01-13T08:59:20.825785+00:00,2.0656,2.0533,0.012299999999999756,0.9995,0.0005,0,39
2026-01-13T08:59:21.825808+00:00,2.0656,2.0533,0.012299999999999756,0.9995,0.0005,0,38
2026-01-13T08:59:22.826227+00:00,2.0656,2.0533,0.012299999999999756,0.9995,0.0005,0,37
2026-01-13T08:59:23.826597+00:00,2.0656,2.0533,0.012299999999999756,0.9995,0.0005,0,36
2026-01-13T08:59:24.826691+00:00,2.0656,2.0533,0.012299999999999756,0.9995,0.0005,0,35
2026-01-13T08:59:25.826873+00:00,2.0656,2.0533,0.012299999999999756,0.9995,0.0005,0,34
2026-01-13T08:59:26.826899+00:00,2.0655,2.0533,0.012199999999999989,0.9995,0.0005,0,33
2026-01-13T08:59:27.827142+00:00,2.0655,2.0533,0.012199999999999989,0.9995,0.0005,0,32
2026-01-13T08:59:28.827416+00:00,2.0655,2.0533,0.012199999999999989,0.9995,0.0005,0,31
2026-01-13T08:59:29.827718+00:00,2.0656,2.0533,0.012299999999999756,0.9995,0.0005,0,30
2026-01-13T08:59:30.827930+00:00,2.0656,2.0533,0.012299999999999756,0.9995,0.0005,0,29
2026-01-13T08:59:31.828264+00:00,2.0656,2.0533,0.012299999999999756,0.9995,0.0005,0,28
2026-01-13T08:59:32.828308+00:00,2.0656,2.0533,0.012299999999999756,0.9995,0.0005,0,27
2026-01-13T08:59:33.828432+00:00,2.0655,2.0533,0.012199999999999989,0.9995,0.0005,0,26
2026-01-13T08:59:34.828488+00:00,2.0655,2.0533,0.012199999999999989,0.9995,0.0005,0,25
2026-01-13T08:59:35.828748+00:00,2.0655,2.0533,0.012199999999999989,0.9995,0.0005,0,24
2026-01-13T08:59:36.829167+00:00,2.0655,2.0533,0.012199999999999989,0.9995,0.0005,0,23
2026-01-13T08:59:37.829656+00:00,2.0655,2.0533,0.012199999999999989,0.9995,0.0005,0,22
2026-01-13T08:59:38.829992+00:00,2.0655,2.0533,0.012199999999999989,0.9995,0.0005,0,21
2026-01-13T08:59:39.830436+00:00,2.0659,2.0533,0.012599999999999945,0.9995,0.0005,0,20
2026-01-13T08:59:40.830572+00:00,2.0659,2.0533,0.012599999999999945,0.9995,0.0005,0,19
2026-01-13T08:59:41.830714+00:00,2.0658,2.0533,0.012499999999999734,0.9995,0.0005,0,18
2026-01-13T08:59:42.831046+00:00,2.0658,2.0533,0.012499999999999734,0.9995,0.0005,0,17
2026-01-13T08:59:43.831131+00:00,2.0658,2.0533,0.012499999999999734,0.9995,0.0005,0,16
2026-01-13T08:59:44.831498+00:00,2.0658,2.0533,0.012499999999999734,0.9995,0.0005,0,15
2026-01-13T08:59:45.831683+00:00,2.0658,2.0533,0.012499999999999734,0.9995,0.0005,0,14
2026-01-13T08:59:46.831753+00:00,2.0659,2.0533,0.012599999999999945,0.9995,0.0005,0,13
2026-01-13T08:59:47.831928+00:00,2.0658,2.0533,0.012499999999999734,0.9995,0.0005,0,12
2026-01-13T08:59:48.832289+00:00,2.0658,2.0533,0.012499999999999734,0.9995,0.0005,0,11
2026-01-13T08:59:49.832806+00:00,2.0658,2.0533,0.012499999999999734,0.9995,0.0005,0,10
2026-01-13T08:59:50.833197+00:00,2.0658,2.0533,0.012499999999999734,0.9995,0.0005,0,9
2026-01-13T08:59:51.833294+00:00,2.0658,2.0533,0.012499999999999734,0.9995,0.0005,0,8
2026-01-13T08:59:52.833666+00:00,2.0658,2.0533,0.012499999999999734,0.9995,0.0005,0,7
2026-01-13T08:59:53.834099+00:00,2.0658,2.0533,0.012499999999999734,0.9995,0.0005,0,6
2026-01-13T08:59:54.834303+00:00,2.0658,2.0533,0.012499999999999734,0.9995,0.0005,0,5
2026-01-13T08:59:55.834695+00:00,2.0658,2.0533,0.012499999999999734,0.9995,0.0005,0,4
2026-01-13T08:59:56.835091+00:00,2.0658,2.0533,0.012499999999999734,0.9995,0.0005,0,3
2026-01-13T08:59:57.835355+00:00,2.0658,2.0533,0.012499999999999734,0.9995,0.0005,0,2
2026-01-13T08:59:58.835672+00:00,2.0658,2.0533,0.012499999999999734,0.9995,0.0005,0,1
2026-01-13T08:59:59.835755+00:00,2.0658,2.0533,0.012499999999999734,0.9995,0.0005,0,0
